algoritmo,buffer_size,buffer_pages,runs_o_particiones,merge_passes,time_phase1_sec,time_phase2_sec,time_total_sec,pages_read,pages_written,io_total
external_sort,65536,16,272,3,0.5580,1.6564,2.2144,17396,17396,34792
external_hashing,65536,16,15,1,0.4155,0.2656,0.6811,5229,2617,7846
external_sort,131072,32,136,2,0.5517,1.1174,1.6692,13047,13047,26094
external_hashing,131072,32,31,1,0.4253,0.2743,0.6996,5238,2626,7864
external_sort,262144,64,68,2,0.5679,1.0984,1.6663,13047,13047,26094
external_hashing,262144,64,63,1,0.4334,0.2755,0.7089,5254,2642,7896
external_sort,524288,128,34,1,0.5578,0.5962,1.1539,8698,8698,17396
external_hashing,524288,128,127,1,0.4521,0.2842,0.7363,5290,2678,7968
external_sort,1048576,256,17,1,0.5682,0.5618,1.1301,8698,8698,17396
external_hashing,1048576,256,255,1,0.4890,0.2944,0.7833,5351,2739,8090
