experimento,parametro,operacion,tiempo_ms,lecturas,escrituras
tamano,1000,construccion,92.5,1952,1061
tamano,1000,busqueda,0.0409,2.0,0.0
tamano,1000,rango,0.0434,2.2,0.0
tamano,1000,eliminacion,0.1278,4.4,1.8
tamano,10000,construccion,713.3,27188,10661
tamano,10000,busqueda,0.0445,3.0,0.0
tamano,10000,rango,0.0862,3.9,0.0
tamano,10000,eliminacion,0.1151,6.1,1.2
tamano,50000,construccion,3643.1,148098,53447
tamano,50000,busqueda,0.0432,3.0,0.0
tamano,50000,rango,0.2153,7.7,0.0
tamano,50000,eliminacion,0.1208,6.0,1.1
tamano,100000,construccion,7604.5,299259,106986
tamano,100000,busqueda,0.0416,3.0,0.0
tamano,100000,rango,0.3597,12.1,0.0
tamano,100000,eliminacion,0.1081,6.1,1.2
orden,4,busqueda,0.0199,10.0,0
orden,8,busqueda,0.0213,6.0,0
orden,16,busqueda,0.0212,4.0,0
orden,32,busqueda,0.0286,4.0,0
orden,64,busqueda,0.0408,3.0,0
orden,128,busqueda,0.0723,3.0,0
orden,256,busqueda,0.1335,2.0,0
