from_date,conteo
1985-01-01,9
1985-01-14,1
1985-02-01,8
1985-02-02,54
1985-02-03,61
1985-02-04,54
1985-02-05,54
1985-02-06,45
1985-02-07,56
1985-02-08,56
1985-02-09,45
1985-02-10,58
1985-02-11,52
1985-02-12,63
1985-02-13,51
1985-02-14,59
1985-02-15,50
1985-02-16,50
1985-02-17,55
1985-02-18,61
1985-02-19,59
1985-02-20,69
1985-02-21,50
1985-02-22,55
1985-02-23,52
1985-02-24,57
1985-02-25,61
1985-02-26,65
1985-02-27,65
1985-02-28,45
1985-03-01,55
1985-03-02,60
1985-03-03,52
1985-03-04,49
1985-03-05,65
1985-03-06,46
1985-03-07,50
1985-03-08,48
1985-03-09,50
1985-03-10,57
1985-03-11,47
1985-03-12,52
1985-03-13,51
1985-03-14,50
1985-03-15,52
1985-03-16,52
1985-03-17,61
1985-03-18,57
1985-03-19,50
1985-03-20,55
1985-03-21,66
1985-03-22,44
1985-03-23,64
1985-03-24,77
1985-03-25,62
1985-03-26,60
1985-03-27,61
1985-03-28,52
1985-03-29,47
1985-03-30,64
1985-03-31,40
1985-04-01,52
1985-04-02,58
1985-04-03,55
1985-04-04,45
1985-04-05,52
1985-04-06,59
1985-04-07,53
1985-04-08,51
1985-04-09,49
1985-04-10,47
1985-04-11,58
1985-04-12,52
1985-04-13,42
1985-04-14,57
1985-04-15,61
1985-04-16,58
1985-04-17,56
1985-04-18,57
1985-04-19,63
1985-04-20,54
1985-04-21,47
1985-04-22,60
1985-04-23,52
1985-04-24,52
1985-04-25,65
1985-04-26,52
1985-04-27,48
1985-04-28,58
1985-04-29,62
1985-04-30,39
1985-05-01,60
1985-05-02,56
1985-05-03,49
1985-05-04,57
1985-05-05,43
1985-05-06,52
1985-05-07,55
1985-05-08,61
1985-05-09,49
1985-05-10,53
1985-05-11,68
1985-05-12,50
1985-05-13,37
1985-05-14,58
1985-05-15,48
1985-05-16,62
1985-05-17,61
1985-05-18,55
1985-05-19,56
1985-05-20,64
1985-05-21,69
1985-05-22,43
1985-05-23,55
1985-05-24,65
1985-05-25,56
1985-05-26,59
1985-05-27,65
1985-05-28,53
1985-05-29,48
1985-05-30,56
1985-05-31,52
1985-06-01,47
1985-06-02,53
1985-06-03,54
1985-06-04,57
1985-06-05,51
1985-06-06,55
1985-06-07,66
1985-06-08,41
1985-06-09,53
1985-06-10,65
1985-06-11,51
1985-06-12,43
1985-06-13,57
1985-06-14,55
1985-06-15,54
1985-06-16,51
1985-06-17,53
1985-06-18,58
1985-06-19,46
1985-06-20,65
1985-06-21,55
1985-06-22,55
1985-06-23,55
1985-06-24,58
1985-06-25,54
1985-06-26,51
1985-06-27,56
1985-06-28,64
1985-06-29,51
1985-06-30,53
1985-07-01,51
1985-07-02,52
1985-07-03,50
1985-07-04,58
1985-07-05,46
1985-07-06,77
1985-07-07,57
1985-07-08,44
1985-07-09,52
1985-07-10,58
1985-07-11,52
1985-07-12,64
1985-07-13,56
1985-07-14,57
1985-07-15,62
1985-07-16,49
1985-07-17,56
1985-07-18,58
1985-07-19,47
1985-07-20,69
1985-07-21,55
1985-07-22,56
1985-07-23,54
1985-07-24,60
1985-07-25,50
1985-07-26,36
1985-07-27,50
1985-07-28,59
1985-07-29,42
1985-07-30,61
1985-07-31,52
1985-08-01,56
1985-08-02,67
1985-08-03,50
1985-08-04,62
1985-08-05,51
1985-08-06,46
1985-08-07,60
1985-08-08,64
1985-08-09,63
1985-08-10,74
1985-08-11,49
1985-08-12,51
1985-08-13,47
1985-08-14,55
1985-08-15,60
1985-08-16,61
1985-08-17,62
1985-08-18,41
1985-08-19,76
1985-08-20,44
1985-08-21,38
1985-08-22,58
1985-08-23,57
1985-08-24,65
1985-08-25,41
1985-08-26,58
1985-08-27,56
1985-08-28,69
1985-08-29,60
1985-08-30,54
1985-08-31,64
1985-09-01,58
1985-09-02,51
1985-09-03,49
1985-09-04,64
1985-09-05,52
1985-09-06,49
1985-09-07,56
1985-09-08,49
1985-09-09,51
1985-09-10,58
1985-09-11,61
1985-09-12,58
1985-09-13,56
1985-09-14,68
1985-09-15,45
1985-09-16,47
1985-09-17,69
1985-09-18,52
1985-09-19,57
1985-09-20,54
1985-09-21,60
1985-09-22,64
1985-09-23,62
1985-09-24,51
1985-09-25,74
1985-09-26,70
1985-09-27,48
1985-09-28,57
1985-09-29,59
1985-09-30,63
1985-10-01,57
1985-10-02,66
1985-10-03,47
1985-10-04,47
1985-10-05,63
1985-10-06,57
1985-10-07,60
1985-10-08,46
1985-10-09,56
1985-10-10,37
1985-10-11,48
1985-10-12,53
1985-10-13,61
1985-10-14,54
1985-10-15,52
1985-10-16,52
1985-10-17,60
1985-10-18,60
1985-10-19,52
1985-10-20,49
1985-10-21,53
1985-10-22,63
1985-10-23,56
1985-10-24,57
1985-10-25,65
1985-10-26,41
1985-10-27,55
1985-10-28,64
1985-10-29,57
1985-10-30,57
1985-10-31,50
1985-11-01,54
1985-11-02,46
1985-11-03,66
1985-11-04,52
1985-11-05,51
1985-11-06,57
1985-11-07,60
1985-11-08,54
1985-11-09,54
1985-11-10,51
1985-11-11,55
1985-11-12,59
1985-11-13,64
1985-11-14,65
1985-11-15,67
1985-11-16,54
1985-11-17,61
1985-11-18,61
1985-11-19,48
1985-11-20,69
1985-11-21,63
1985-11-22,57
1985-11-23,55
1985-11-24,50
1985-11-25,62
1985-11-26,51
1985-11-27,61
1985-11-28,54
1985-11-29,61
1985-11-30,46
1985-12-01,48
1985-12-02,55
1985-12-03,57
1985-12-04,48
1985-12-05,47
1985-12-06,51
1985-12-07,42
1985-12-08,66
1985-12-09,52
1985-12-10,49
1985-12-11,51
1985-12-12,67
1985-12-13,59
1985-12-14,46
1985-12-15,48
1985-12-16,55
1985-12-17,51
1985-12-18,43
1985-12-19,46
1985-12-20,60
1985-12-21,50
1985-12-22,62
1985-12-23,40
1985-12-24,66
1985-12-25,65
1985-12-26,53
1985-12-27,51
1985-12-28,58
1985-12-29,40
1985-12-30,62
1985-12-31,56
1986-01-01,42
1986-01-02,50
1986-01-03,57
1986-01-04,62
1986-01-05,41
1986-01-06,47
1986-01-07,49
1986-01-08,52
1986-01-09,62
1986-01-10,52
1986-01-11,49
1986-01-12,50
1986-01-13,41
1986-01-14,51
1986-01-15,48
1986-01-16,60
1986-01-17,51
1986-01-18,55
1986-01-19,62
1986-01-20,46
1986-01-21,53
1986-01-22,53
1986-01-23,45
1986-01-24,43
1986-01-25,54
1986-01-26,41
1986-01-27,64
1986-01-28,60
1986-01-29,58
1986-01-30,60
1986-01-31,52
1986-02-01,63
1986-02-02,57
1986-02-03,59
1986-02-04,51
1986-02-05,48
1986-02-06,52
1986-02-07,63
1986-02-08,54
1986-02-09,55
1986-02-10,56
1986-02-11,60
1986-02-12,48
1986-02-13,58
1986-02-14,54
1986-02-15,57
1986-02-16,52
1986-02-17,60
1986-02-18,54
1986-02-19,42
1986-02-20,46
1986-02-21,55
1986-02-22,54
1986-02-23,57
1986-02-24,41
1986-02-25,58
1986-02-26,59
1986-02-27,53
1986-02-28,74
1986-03-01,51
1986-03-02,67
1986-03-03,66
1986-03-04,43
1986-03-05,69
1986-03-06,47
1986-03-07,65
1986-03-08,56
1986-03-09,41
1986-03-10,53
1986-03-11,61
1986-03-12,70
1986-03-13,64
1986-03-14,53
1986-03-15,61
1986-03-16,57
1986-03-17,47
1986-03-18,48
1986-03-19,49
1986-03-20,61
1986-03-21,48
1986-03-22,56
1986-03-23,51
1986-03-24,53
1986-03-25,58
1986-03-26,53
1986-03-27,60
1986-03-28,48
1986-03-29,58
1986-03-30,59
1986-03-31,59
1986-04-01,48
1986-04-02,43
1986-04-03,43
1986-04-04,40
1986-04-05,61
1986-04-06,52
1986-04-07,51
1986-04-08,58
1986-04-09,39
1986-04-10,67
1986-04-11,70
1986-04-12,54
1986-04-13,67
1986-04-14,56
1986-04-15,52
1986-04-16,50
1986-04-17,53
1986-04-18,59
1986-04-19,59
1986-04-20,57
1986-04-21,57
1986-04-22,54
1986-04-23,48
1986-04-24,50
1986-04-25,52
1986-04-26,59
1986-04-27,43
1986-04-28,55
1986-04-29,52
1986-04-30,54
1986-05-01,60
1986-05-02,59
1986-05-03,52
1986-05-04,49
1986-05-05,59
1986-05-06,61
1986-05-07,50
1986-05-08,59
1986-05-09,69
1986-05-10,49
1986-05-11,59
1986-05-12,49
1986-05-13,47
1986-05-14,56
1986-05-15,65
1986-05-16,49
1986-05-17,58
1986-05-18,53
1986-05-19,55
1986-05-20,44
1986-05-21,60
1986-05-22,66
1986-05-23,57
1986-05-24,56
1986-05-25,60
1986-05-26,52
1986-05-27,42
1986-05-28,66
1986-05-29,49
1986-05-30,51
1986-05-31,54
1986-06-01,46
1986-06-02,54
1986-06-03,57
1986-06-04,60
1986-06-05,61
1986-06-06,68
1986-06-07,52
1986-06-08,54
1986-06-09,64
1986-06-10,44
1986-06-11,66
1986-06-12,47
1986-06-13,60
1986-06-14,62
1986-06-15,51
1986-06-16,50
1986-06-17,56
1986-06-18,54
1986-06-19,60
1986-06-20,58
1986-06-21,56
1986-06-22,53
1986-06-23,61
1986-06-24,57
1986-06-25,56
1986-06-26,38
1986-06-27,56
1986-06-28,61
1986-06-29,49
1986-06-30,45
1986-07-01,56
1986-07-02,41
1986-07-03,65
1986-07-04,51
1986-07-05,56
1986-07-06,61
1986-07-07,57
1986-07-08,48
1986-07-09,55
1986-07-10,42
1986-07-11,52
1986-07-12,64
1986-07-13,64
1986-07-14,63
1986-07-15,72
1986-07-16,58
1986-07-17,50
1986-07-18,44
1986-07-19,55
1986-07-20,52
1986-07-21,54
1986-07-22,51
1986-07-23,49
1986-07-24,52
1986-07-25,56
1986-07-26,56
1986-07-27,60
1986-07-28,57
1986-07-29,56
1986-07-30,54
1986-07-31,65
1986-08-01,60
1986-08-02,54
1986-08-03,57
1986-08-04,52
1986-08-05,67
1986-08-06,62
1986-08-07,53
1986-08-08,57
1986-08-09,56
1986-08-10,58
1986-08-11,63
1986-08-12,62
1986-08-13,69
1986-08-14,50
1986-08-15,49
1986-08-16,51
1986-08-17,71
1986-08-18,60
1986-08-19,50
1986-08-20,58
1986-08-21,52
1986-08-22,52
1986-08-23,58
1986-08-24,64
1986-08-25,58
1986-08-26,63
1986-08-27,48
1986-08-28,46
1986-08-29,49
1986-08-30,45
1986-08-31,62
1986-09-01,51
1986-09-02,59
1986-09-03,50
1986-09-04,68
1986-09-05,50
1986-09-06,51
1986-09-07,63
1986-09-08,55
1986-09-09,53
1986-09-10,53
1986-09-11,58
1986-09-12,48
1986-09-13,52
1986-09-14,52
1986-09-15,49
1986-09-16,58
1986-09-17,48
1986-09-18,60
1986-09-19,49
1986-09-20,62
1986-09-21,48
1986-09-22,57
1986-09-23,58
1986-09-24,63
1986-09-25,39
1986-09-26,50
1986-09-27,55
1986-09-28,50
1986-09-29,64
1986-09-30,55
1986-10-01,41
1986-10-02,46
1986-10-03,62
1986-10-04,48
1986-10-05,52
1986-10-06,66
1986-10-07,70
1986-10-08,62
1986-10-09,49
1986-10-10,46
1986-10-11,57
1986-10-12,67
1986-10-13,47
1986-10-14,71
1986-10-15,45
1986-10-16,55
1986-10-17,52
1986-10-18,54
1986-10-19,69
1986-10-20,50
1986-10-21,54
1986-10-22,59
1986-10-23,53
1986-10-24,46
1986-10-25,60
1986-10-26,48
1986-10-27,59
1986-10-28,51
1986-10-29,53
1986-10-30,55
1986-10-31,51
1986-11-01,54
1986-11-02,47
1986-11-03,53
1986-11-04,51
1986-11-05,62
1986-11-06,54
1986-11-07,65
1986-11-08,52
1986-11-09,49
1986-11-10,50
1986-11-11,64
1986-11-12,55
1986-11-13,39
1986-11-14,71
1986-11-15,39
1986-11-16,68
1986-11-17,55
1986-11-18,60
1986-11-19,54
1986-11-20,55
1986-11-21,47
1986-11-22,64
1986-11-23,48
1986-11-24,68
1986-11-25,62
1986-11-26,58
1986-11-27,53
1986-11-28,66
1986-11-29,50
1986-11-30,55
1986-12-01,59
1986-12-02,59
1986-12-03,66
1986-12-04,67
1986-12-05,61
1986-12-06,59
1986-12-07,61
1986-12-08,70
1986-12-09,66
1986-12-10,52
1986-12-11,60
1986-12-12,66
1986-12-13,45
1986-12-14,61
1986-12-15,47
1986-12-16,64
1986-12-17,65
1986-12-18,58
1986-12-19,66
1986-12-20,47
1986-12-21,59
1986-12-22,47
1986-12-23,60
1986-12-24,62
1986-12-25,43
1986-12-26,72
1986-12-27,54
1986-12-28,57
1986-12-29,70
1986-12-30,67
1986-12-31,42
1987-01-01,44
1987-01-02,56
1987-01-03,49
1987-01-04,66
1987-01-05,53
1987-01-06,33
1987-01-07,55
1987-01-08,47
1987-01-09,56
1987-01-10,53
1987-01-11,46
1987-01-12,54
1987-01-13,59
1987-01-14,61
1987-01-15,52
1987-01-16,65
1987-01-17,48
1987-01-18,61
1987-01-19,47
1987-01-20,74
1987-01-21,49
1987-01-22,52
1987-01-23,59
1987-01-24,61
1987-01-25,55
1987-01-26,45
1987-01-27,36
1987-01-28,51
1987-01-29,52
1987-01-30,52
1987-01-31,54
1987-02-01,47
1987-02-02,65
1987-02-03,55
1987-02-04,42
1987-02-05,45
1987-02-06,59
1987-02-07,59
1987-02-08,51
1987-02-09,41
1987-02-10,49
1987-02-11,57
1987-02-12,62
1987-02-13,62
1987-02-14,55
1987-02-15,55
1987-02-16,61
1987-02-17,51
1987-02-18,53
1987-02-19,53
1987-02-20,64
1987-02-21,70
1987-02-22,51
1987-02-23,60
1987-02-24,58
1987-02-25,45
1987-02-26,49
1987-02-27,54
1987-02-28,51
1987-03-01,69
1987-03-02,50
1987-03-03,59
1987-03-04,62
1987-03-05,53
1987-03-06,66
1987-03-07,49
1987-03-08,58
1987-03-09,49
1987-03-10,57
1987-03-11,51
1987-03-12,73
1987-03-13,50
1987-03-14,70
1987-03-15,59
1987-03-16,42
1987-03-17,54
1987-03-18,50
1987-03-19,52
1987-03-20,39
1987-03-21,51
1987-03-22,54
1987-03-23,60
1987-03-24,52
1987-03-25,57
1987-03-26,51
1987-03-27,45
1987-03-28,56
1987-03-29,48
1987-03-30,60
1987-03-31,70
1987-04-01,61
1987-04-02,48
1987-04-03,60
1987-04-04,58
1987-04-05,56
1987-04-06,56
1987-04-07,45
1987-04-08,59
1987-04-09,54
1987-04-10,53
1987-04-11,46
1987-04-12,54
1987-04-13,56
1987-04-14,71
1987-04-15,46
1987-04-16,60
1987-04-17,52
1987-04-18,47
1987-04-19,49
1987-04-20,64
1987-04-21,61
1987-04-22,41
1987-04-23,58
1987-04-24,51
1987-04-25,60
1987-04-26,59
1987-04-27,65
1987-04-28,54
1987-04-29,62
1987-04-30,65
1987-05-01,56
1987-05-02,47
1987-05-03,48
1987-05-04,69
1987-05-05,56
1987-05-06,57
1987-05-07,52
1987-05-08,47
1987-05-09,53
1987-05-10,57
1987-05-11,54
1987-05-12,59
1987-05-13,56
1987-05-14,49
1987-05-15,67
1987-05-16,72
1987-05-17,65
1987-05-18,58
1987-05-19,48
1987-05-20,70
1987-05-21,56
1987-05-22,56
1987-05-23,46
1987-05-24,56
1987-05-25,58
1987-05-26,57
1987-05-27,61
1987-05-28,62
1987-05-29,52
1987-05-30,47
1987-05-31,69
1987-06-01,54
1987-06-02,54
1987-06-03,45
1987-06-04,51
1987-06-05,55
1987-06-06,57
1987-06-07,46
1987-06-08,60
1987-06-09,48
1987-06-10,59
1987-06-11,63
1987-06-12,55
1987-06-13,45
1987-06-14,56
1987-06-15,67
1987-06-16,57
1987-06-17,49
1987-06-18,48
1987-06-19,54
1987-06-20,50
1987-06-21,45
1987-06-22,55
1987-06-23,52
1987-06-24,48
1987-06-25,50
1987-06-26,51
1987-06-27,50
1987-06-28,53
1987-06-29,59
1987-06-30,62
1987-07-01,47
1987-07-02,54
1987-07-03,47
1987-07-04,58
1987-07-05,65
1987-07-06,71
1987-07-07,54
1987-07-08,62
1987-07-09,56
1987-07-10,50
1987-07-11,52
1987-07-12,58
1987-07-13,47
1987-07-14,67
1987-07-15,65
1987-07-16,55
1987-07-17,55
1987-07-18,56
1987-07-19,51
1987-07-20,59
1987-07-21,70
1987-07-22,52
1987-07-23,60
1987-07-24,58
1987-07-25,64
1987-07-26,51
1987-07-27,57
1987-07-28,60
1987-07-29,68
1987-07-30,58
1987-07-31,46
1987-08-01,59
1987-08-02,57
1987-08-03,42
1987-08-04,49
1987-08-05,59
1987-08-06,46
1987-08-07,59
1987-08-08,51
1987-08-09,63
1987-08-10,49
1987-08-11,48
1987-08-12,62
1987-08-13,48
1987-08-14,46
1987-08-15,57
1987-08-16,51
1987-08-17,38
1987-08-18,47
1987-08-19,53
1987-08-20,64
1987-08-21,50
1987-08-22,68
1987-08-23,56
1987-08-24,56
1987-08-25,70
1987-08-26,60
1987-08-27,63
1987-08-28,58
1987-08-29,60
1987-08-30,59
1987-08-31,50
1987-09-01,61
1987-09-02,52
1987-09-03,66
1987-09-04,49
1987-09-05,62
1987-09-06,56
1987-09-07,39
1987-09-08,70
1987-09-09,50
1987-09-10,52
1987-09-11,61
1987-09-12,53
1987-09-13,54
1987-09-14,58
1987-09-15,51
1987-09-16,59
1987-09-17,63
1987-09-18,56
1987-09-19,51
1987-09-20,55
1987-09-21,52
1987-09-22,62
1987-09-23,62
1987-09-24,62
1987-09-25,47
1987-09-26,65
1987-09-27,52
1987-09-28,65
1987-09-29,64
1987-09-30,49
1987-10-01,50
1987-10-02,63
1987-10-03,54
1987-10-04,60
1987-10-05,48
1987-10-06,63
1987-10-07,62
1987-10-08,63
1987-10-09,69
1987-10-10,52
1987-10-11,62
1987-10-12,59
1987-10-13,49
1987-10-14,47
1987-10-15,51
1987-10-16,60
1987-10-17,52
1987-10-18,53
1987-10-19,63
1987-10-20,46
1987-10-21,57
1987-10-22,53
1987-10-23,61
1987-10-24,49
1987-10-25,63
1987-10-26,62
1987-10-27,64
1987-10-28,55
1987-10-29,63
1987-10-30,66
1987-10-31,58
1987-11-01,51
1987-11-02,58
1987-11-03,64
1987-11-04,56
1987-11-05,53
1987-11-06,56
1987-11-07,64
1987-11-08,48
1987-11-09,49
1987-11-10,52
1987-11-11,72
1987-11-12,44
1987-11-13,52
1987-11-14,62
1987-11-15,61
1987-11-16,49
1987-11-17,69
1987-11-18,70
1987-11-19,65
1987-11-20,57
1987-11-21,56
1987-11-22,52
1987-11-23,63
1987-11-24,60
1987-11-25,57
1987-11-26,68
1987-11-27,64
1987-11-28,56
1987-11-29,53
1987-11-30,56
1987-12-01,65
1987-12-02,64
1987-12-03,56
1987-12-04,61
1987-12-05,64
1987-12-06,56
1987-12-07,65
1987-12-08,54
1987-12-09,55
1987-12-10,64
1987-12-11,63
1987-12-12,65
1987-12-13,57
1987-12-14,55
1987-12-15,57
1987-12-16,58
1987-12-17,56
1987-12-18,46
1987-12-19,60
1987-12-20,64
1987-12-21,51
1987-12-22,59
1987-12-23,65
1987-12-24,67
1987-12-25,60
1987-12-26,64
1987-12-27,50
1987-12-28,64
1987-12-29,58
1987-12-30,66
1987-12-31,48
1988-01-01,70
1988-01-02,53
1988-01-03,64
1988-01-04,43
1988-01-05,55
1988-01-06,56
1988-01-07,62
1988-01-08,54
1988-01-09,53
1988-01-10,43
1988-01-11,63
1988-01-12,55
1988-01-13,64
1988-01-14,57
1988-01-15,58
1988-01-16,53
1988-01-17,52
1988-01-18,50
1988-01-19,52
1988-01-20,62
1988-01-21,65
1988-01-22,56
1988-01-23,48
1988-01-24,61
1988-01-25,57
1988-01-26,73
1988-01-27,64
1988-01-28,54
1988-01-29,54
1988-01-30,54
1988-01-31,46
1988-02-01,56
1988-02-02,52
1988-02-03,63
1988-02-04,58
1988-02-05,59
1988-02-06,58
1988-02-07,58
1988-02-08,54
1988-02-09,51
1988-02-10,50
1988-02-11,43
1988-02-12,61
1988-02-13,65
1988-02-14,67
1988-02-15,48
1988-02-16,65
1988-02-17,84
1988-02-18,59
1988-02-19,49
1988-02-20,58
1988-02-21,64
1988-02-22,48
1988-02-23,63
1988-02-24,50
1988-02-25,45
1988-02-26,49
1988-02-27,58
1988-02-28,57
1988-02-29,50
1988-03-01,60
1988-03-02,55
1988-03-03,54
1988-03-04,60
1988-03-05,60
1988-03-06,57
1988-03-07,63
1988-03-08,58
1988-03-09,58
1988-03-10,60
1988-03-11,46
1988-03-12,54
1988-03-13,52
1988-03-14,51
1988-03-15,53
1988-03-16,49
1988-03-17,55
1988-03-18,64
1988-03-19,52
1988-03-20,55
1988-03-21,55
1988-03-22,58
1988-03-23,51
1988-03-24,46
1988-03-25,58
1988-03-26,45
1988-03-27,55
1988-03-28,61
1988-03-29,40
1988-03-30,58
1988-03-31,51
1988-04-01,73
1988-04-02,60
1988-04-03,49
1988-04-04,57
1988-04-05,46
1988-04-06,56
1988-04-07,52
1988-04-08,64
1988-04-09,54
1988-04-10,51
1988-04-11,51
1988-04-12,71
1988-04-13,72
1988-04-14,56
1988-04-15,57
1988-04-16,45
1988-04-17,48
1988-04-18,65
1988-04-19,61
1988-04-20,71
1988-04-21,68
1988-04-22,57
1988-04-23,62
1988-04-24,57
1988-04-25,47
1988-04-26,50
1988-04-27,68
1988-04-28,62
1988-04-29,51
1988-04-30,55
1988-05-01,51
1988-05-02,43
1988-05-03,45
1988-05-04,48
1988-05-05,58
1988-05-06,64
1988-05-07,54
1988-05-08,56
1988-05-09,46
1988-05-10,65
1988-05-11,53
1988-05-12,66
1988-05-13,52
1988-05-14,61
1988-05-15,49
1988-05-16,64
1988-05-17,61
1988-05-18,57
1988-05-19,53
1988-05-20,61
1988-05-21,72
1988-05-22,46
1988-05-23,58
1988-05-24,45
1988-05-25,65
1988-05-26,39
1988-05-27,54
1988-05-28,57
1988-05-29,58
1988-05-30,49
1988-05-31,56
1988-06-01,48
1988-06-02,49
1988-06-03,59
1988-06-04,58
1988-06-05,47
1988-06-06,56
1988-06-07,54
1988-06-08,54
1988-06-09,60
1988-06-10,63
1988-06-11,60
1988-06-12,66
1988-06-13,62
1988-06-14,42
1988-06-15,51
1988-06-16,65
1988-06-17,53
1988-06-18,65
1988-06-19,48
1988-06-20,58
1988-06-21,63
1988-06-22,56
1988-06-23,52
1988-06-24,73
1988-06-25,50
1988-06-26,43
1988-06-27,60
1988-06-28,61
1988-06-29,52
1988-06-30,52
1988-07-01,58
1988-07-02,61
1988-07-03,52
1988-07-04,45
1988-07-05,48
1988-07-06,59
1988-07-07,50
1988-07-08,48
1988-07-09,60
1988-07-10,65
1988-07-11,56
1988-07-12,50
1988-07-13,65
1988-07-14,56
1988-07-15,57
1988-07-16,54
1988-07-17,55
1988-07-18,57
1988-07-19,47
1988-07-20,56
1988-07-21,60
1988-07-22,62
1988-07-23,49
1988-07-24,59
1988-07-25,70
1988-07-26,60
1988-07-27,65
1988-07-28,65
1988-07-29,63
1988-07-30,69
1988-07-31,45
1988-08-01,54
1988-08-02,58
1988-08-03,58
1988-08-04,70
1988-08-05,62
1988-08-06,64
1988-08-07,58
1988-08-08,63
1988-08-09,56
1988-08-10,59
1988-08-11,57
1988-08-12,54
1988-08-13,61
1988-08-14,64
1988-08-15,64
1988-08-16,57
1988-08-17,53
1988-08-18,77
1988-08-19,49
1988-08-20,62
1988-08-21,61
1988-08-22,73
1988-08-23,50
1988-08-24,56
1988-08-25,45
1988-08-26,52
1988-08-27,55
1988-08-28,52
1988-08-29,62
1988-08-30,61
1988-08-31,57
1988-09-01,65
1988-09-02,60
1988-09-03,64
1988-09-04,55
1988-09-05,60
1988-09-06,69
1988-09-07,48
1988-09-08,61
1988-09-09,50
1988-09-10,61
1988-09-11,42
1988-09-12,54
1988-09-13,59
1988-09-14,50
1988-09-15,69
1988-09-16,65
1988-09-17,52
1988-09-18,58
1988-09-19,62
1988-09-20,49
1988-09-21,55
1988-09-22,49
1988-09-23,50
1988-09-24,49
1988-09-25,53
1988-09-26,55
1988-09-27,62
1988-09-28,53
1988-09-29,57
1988-09-30,57
1988-10-01,53
1988-10-02,40
1988-10-03,56
1988-10-04,52
1988-10-05,56
1988-10-06,68
1988-10-07,59
1988-10-08,52
1988-10-09,66
1988-10-10,45
1988-10-11,51
1988-10-12,56
1988-10-13,54
1988-10-14,57
1988-10-15,56
1988-10-16,51
1988-10-17,59
1988-10-18,61
1988-10-19,72
1988-10-20,54
1988-10-21,53
1988-10-22,63
1988-10-23,62
1988-10-24,67
1988-10-25,58
1988-10-26,65
1988-10-27,56
1988-10-28,43
1988-10-29,56
1988-10-30,67
1988-10-31,53
1988-11-01,63
1988-11-02,56
1988-11-03,54
1988-11-04,50
1988-11-05,53
1988-11-06,56
1988-11-07,57
1988-11-08,59
1988-11-09,64
1988-11-10,70
1988-11-11,59
1988-11-12,53
1988-11-13,57
1988-11-14,54
1988-11-15,58
1988-11-16,43
1988-11-17,69
1988-11-18,62
1988-11-19,55
1988-11-20,55
1988-11-21,48
1988-11-22,53
1988-11-23,56
1988-11-24,60
1988-11-25,64
1988-11-26,52
1988-11-27,46
1988-11-28,66
1988-11-29,51
1988-11-30,61
1988-12-01,44
1988-12-02,44
1988-12-03,63
1988-12-04,65
1988-12-05,57
1988-12-06,60
1988-12-07,49
1988-12-08,46
1988-12-09,63
1988-12-10,58
1988-12-11,61
1988-12-12,55
1988-12-13,58
1988-12-14,57
1988-12-15,70
1988-12-16,59
1988-12-17,63
1988-12-18,74
1988-12-19,62
1988-12-20,61
1988-12-21,55
1988-12-22,60
1988-12-23,62
1988-12-24,55
1988-12-25,51
1988-12-26,67
1988-12-27,48
1988-12-28,57
1988-12-29,54
1988-12-30,57
1988-12-31,44
1989-01-01,49
1989-01-02,64
1989-01-03,52
1989-01-04,64
1989-01-05,61
1989-01-06,60
1989-01-07,54
1989-01-08,54
1989-01-09,66
1989-01-10,68
1989-01-11,62
1989-01-12,66
1989-01-13,66
1989-01-14,60
1989-01-15,49
1989-01-16,64
1989-01-17,42
1989-01-18,58
1989-01-19,71
1989-01-20,47
1989-01-21,56
1989-01-22,54
1989-01-23,53
1989-01-24,56
1989-01-25,51
1989-01-26,51
1989-01-27,57
1989-01-28,68
1989-01-29,61
1989-01-30,54
1989-01-31,56
1989-02-01,61
1989-02-02,64
1989-02-03,57
1989-02-04,54
1989-02-05,53
1989-02-06,56
1989-02-07,56
1989-02-08,51
1989-02-09,62
1989-02-10,64
1989-02-11,58
1989-02-12,42
1989-02-13,64
1989-02-14,51
1989-02-15,53
1989-02-16,57
1989-02-17,49
1989-02-18,56
1989-02-19,57
1989-02-20,63
1989-02-21,47
1989-02-22,55
1989-02-23,55
1989-02-24,56
1989-02-25,64
1989-02-26,49
1989-02-27,73
1989-02-28,44
1989-03-01,57
1989-03-02,52
1989-03-03,63
1989-03-04,55
1989-03-05,52
1989-03-06,56
1989-03-07,68
1989-03-08,70
1989-03-09,55
1989-03-10,55
1989-03-11,63
1989-03-12,52
1989-03-13,63
1989-03-14,59
1989-03-15,54
1989-03-16,51
1989-03-17,65
1989-03-18,48
1989-03-19,48
1989-03-20,54
1989-03-21,64
1989-03-22,58
1989-03-23,60
1989-03-24,65
1989-03-25,56
1989-03-26,58
1989-03-27,53
1989-03-28,57
1989-03-29,56
1989-03-30,56
1989-03-31,45
1989-04-01,62
1989-04-02,47
1989-04-03,63
1989-04-04,62
1989-04-05,49
1989-04-06,59
1989-04-07,69
1989-04-08,66
1989-04-09,55
1989-04-10,47
1989-04-11,61
1989-04-12,51
1989-04-13,58
1989-04-14,66
1989-04-15,57
1989-04-16,65
1989-04-17,55
1989-04-18,58
1989-04-19,58
1989-04-20,63
1989-04-21,57
1989-04-22,52
1989-04-23,64
1989-04-24,57
1989-04-25,55
1989-04-26,52
1989-04-27,61
1989-04-28,56
1989-04-29,59
1989-04-30,44
1989-05-01,53
1989-05-02,59
1989-05-03,59
1989-05-04,54
1989-05-05,57
1989-05-06,56
1989-05-07,55
1989-05-08,71
1989-05-09,63
1989-05-10,59
1989-05-11,59
1989-05-12,50
1989-05-13,69
1989-05-14,54
1989-05-15,47
1989-05-16,46
1989-05-17,68
1989-05-18,61
1989-05-19,64
1989-05-20,50
1989-05-21,62
1989-05-22,61
1989-05-23,55
1989-05-24,61
1989-05-25,51
1989-05-26,66
1989-05-27,70
1989-05-28,65
1989-05-29,48
1989-05-30,53
1989-05-31,57
1989-06-01,48
1989-06-02,71
1989-06-03,60
1989-06-04,60
1989-06-05,57
1989-06-06,68
1989-06-07,64
1989-06-08,53
1989-06-09,64
1989-06-10,57
1989-06-11,78
1989-06-12,52
1989-06-13,61
1989-06-14,59
1989-06-15,54
1989-06-16,58
1989-06-17,43
1989-06-18,59
1989-06-19,59
1989-06-20,60
1989-06-21,55
1989-06-22,46
1989-06-23,58
1989-06-24,58
1989-06-25,53
1989-06-26,59
1989-06-27,47
1989-06-28,44
1989-06-29,51
1989-06-30,65
1989-07-01,33
1989-07-02,54
1989-07-03,59
1989-07-04,69
1989-07-05,60
1989-07-06,67
1989-07-07,59
1989-07-08,51
1989-07-09,61
1989-07-10,49
1989-07-11,69
1989-07-12,57
1989-07-13,58
1989-07-14,66
1989-07-15,64
1989-07-16,62
1989-07-17,55
1989-07-18,49
1989-07-19,53
1989-07-20,54
1989-07-21,68
1989-07-22,73
1989-07-23,52
1989-07-24,53
1989-07-25,49
1989-07-26,48
1989-07-27,57
1989-07-28,74
1989-07-29,55
1989-07-30,53
1989-07-31,47
1989-08-01,69
1989-08-02,67
1989-08-03,57
1989-08-04,62
1989-08-05,46
1989-08-06,59
1989-08-07,73
1989-08-08,60
1989-08-09,58
1989-08-10,58
1989-08-11,53
1989-08-12,45
1989-08-13,61
1989-08-14,55
1989-08-15,64
1989-08-16,59
1989-08-17,56
1989-08-18,62
1989-08-19,48
1989-08-20,56
1989-08-21,63
1989-08-22,54
1989-08-23,64
1989-08-24,50
1989-08-25,60
1989-08-26,49
1989-08-27,49
1989-08-28,53
1989-08-29,71
1989-08-30,68
1989-08-31,57
1989-09-01,59
1989-09-02,55
1989-09-03,64
1989-09-04,57
1989-09-05,51
1989-09-06,54
1989-09-07,67
1989-09-08,49
1989-09-09,48
1989-09-10,59
1989-09-11,47
1989-09-12,67
1989-09-13,63
1989-09-14,62
1989-09-15,47
1989-09-16,60
1989-09-17,59
1989-09-18,61
1989-09-19,56
1989-09-20,52
1989-09-21,58
1989-09-22,64
1989-09-23,44
1989-09-24,55
1989-09-25,49
1989-09-26,49
1989-09-27,52
1989-09-28,59
1989-09-29,62
1989-09-30,42
1989-10-01,59
1989-10-02,56
1989-10-03,53
1989-10-04,66
1989-10-05,46
1989-10-06,59
1989-10-07,56
1989-10-08,64
1989-10-09,62
1989-10-10,48
1989-10-11,64
1989-10-12,50
1989-10-13,56
1989-10-14,56
1989-10-15,68
1989-10-16,51
1989-10-17,64
1989-10-18,63
1989-10-19,64
1989-10-20,51
1989-10-21,48
1989-10-22,67
1989-10-23,63
1989-10-24,50
1989-10-25,57
1989-10-26,51
1989-10-27,60
1989-10-28,60
1989-10-29,61
1989-10-30,71
1989-10-31,44
1989-11-01,66
1989-11-02,53
1989-11-03,77
1989-11-04,59
1989-11-05,54
1989-11-06,65
1989-11-07,55
1989-11-08,59
1989-11-09,67
1989-11-10,62
1989-11-11,56
1989-11-12,60
1989-11-13,65
1989-11-14,61
1989-11-15,58
1989-11-16,50
1989-11-17,56
1989-11-18,75
1989-11-19,55
1989-11-20,52
1989-11-21,50
1989-11-22,73
1989-11-23,62
1989-11-24,46
1989-11-25,72
1989-11-26,73
1989-11-27,69
1989-11-28,37
1989-11-29,46
1989-11-30,53
1989-12-01,64
1989-12-02,70
1989-12-03,60
1989-12-04,61
1989-12-05,60
1989-12-06,74
1989-12-07,52
1989-12-08,51
1989-12-09,55
1989-12-10,58
1989-12-11,49
1989-12-12,48
1989-12-13,65
1989-12-14,60
1989-12-15,66
1989-12-16,59
1989-12-17,70
1989-12-18,52
1989-12-19,61
1989-12-20,51
1989-12-21,56
1989-12-22,54
1989-12-23,62
1989-12-24,60
1989-12-25,52
1989-12-26,70
1989-12-27,54
1989-12-28,49
1989-12-29,57
1989-12-30,57
1989-12-31,72
1990-01-01,49
1990-01-02,52
1990-01-03,67
1990-01-04,52
1990-01-05,45
1990-01-06,50
1990-01-07,60
1990-01-08,54
1990-01-09,50
1990-01-10,47
1990-01-11,51
1990-01-12,62
1990-01-13,53
1990-01-14,61
1990-01-15,48
1990-01-16,64
1990-01-17,49
1990-01-18,55
1990-01-19,65
1990-01-20,52
1990-01-21,48
1990-01-22,69
1990-01-23,59
1990-01-24,70
1990-01-25,68
1990-01-26,49
1990-01-27,47
1990-01-28,54
1990-01-29,61
1990-01-30,56
1990-01-31,54
1990-02-01,60
1990-02-02,47
1990-02-03,56
1990-02-04,51
1990-02-05,53
1990-02-06,61
1990-02-07,49
1990-02-08,57
1990-02-09,62
1990-02-10,51
1990-02-11,54
1990-02-12,54
1990-02-13,52
1990-02-14,58
1990-02-15,51
1990-02-16,59
1990-02-17,46
1990-02-18,61
1990-02-19,62
1990-02-20,68
1990-02-21,52
1990-02-22,84
1990-02-23,56
1990-02-24,56
1990-02-25,65
1990-02-26,48
1990-02-27,55
1990-02-28,52
1990-03-01,71
1990-03-02,74
1990-03-03,82
1990-03-04,56
1990-03-05,56
1990-03-06,54
1990-03-07,57
1990-03-08,66
1990-03-09,62
1990-03-10,55
1990-03-11,54
1990-03-12,46
1990-03-13,57
1990-03-14,65
1990-03-15,54
1990-03-16,56
1990-03-17,49
1990-03-18,57
1990-03-19,54
1990-03-20,57
1990-03-21,66
1990-03-22,51
1990-03-23,54
1990-03-24,64
1990-03-25,48
1990-03-26,68
1990-03-27,60
1990-03-28,57
1990-03-29,50
1990-03-30,60
1990-03-31,56
1990-04-01,64
1990-04-02,49
1990-04-03,53
1990-04-04,50
1990-04-05,52
1990-04-06,53
1990-04-07,62
1990-04-08,55
1990-04-09,47
1990-04-10,58
1990-04-11,63
1990-04-12,56
1990-04-13,56
1990-04-14,70
1990-04-15,58
1990-04-16,55
1990-04-17,67
1990-04-18,66
1990-04-19,62
1990-04-20,75
1990-04-21,47
1990-04-22,51
1990-04-23,62
1990-04-24,64
1990-04-25,54
1990-04-26,53
1990-04-27,69
1990-04-28,55
1990-04-29,56
1990-04-30,65
1990-05-01,72
1990-05-02,61
1990-05-03,54
1990-05-04,66
1990-05-05,69
1990-05-06,51
1990-05-07,59
1990-05-08,64
1990-05-09,75
1990-05-10,60
1990-05-11,61
1990-05-12,46
1990-05-13,60
1990-05-14,60
1990-05-15,51
1990-05-16,64
1990-05-17,53
1990-05-18,49
1990-05-19,59
1990-05-20,50
1990-05-21,59
1990-05-22,53
1990-05-23,69
1990-05-24,53
1990-05-25,69
1990-05-26,71
1990-05-27,68
1990-05-28,71
1990-05-29,53
1990-05-30,60
1990-05-31,59
1990-06-01,44
1990-06-02,41
1990-06-03,54
1990-06-04,47
1990-06-05,60
1990-06-06,50
1990-06-07,52
1990-06-08,52
1990-06-09,52
1990-06-10,57
1990-06-11,66
1990-06-12,62
1990-06-13,54
1990-06-14,40
1990-06-15,61
1990-06-16,59
1990-06-17,60
1990-06-18,52
1990-06-19,57
1990-06-20,44
1990-06-21,70
1990-06-22,73
1990-06-23,55
1990-06-24,61
1990-06-25,54
1990-06-26,55
1990-06-27,49
1990-06-28,61
1990-06-29,58
1990-06-30,53
1990-07-01,57
1990-07-02,44
1990-07-03,58
1990-07-04,55
1990-07-05,61
1990-07-06,47
1990-07-07,50
1990-07-08,69
1990-07-09,60
1990-07-10,54
1990-07-11,61
1990-07-12,56
1990-07-13,69
1990-07-14,74
1990-07-15,59
1990-07-16,52
1990-07-17,46
1990-07-18,69
1990-07-19,48
1990-07-20,55
1990-07-21,59
1990-07-22,56
1990-07-23,56
1990-07-24,50
1990-07-25,54
1990-07-26,57
1990-07-27,60
1990-07-28,65
1990-07-29,48
1990-07-30,59
1990-07-31,43
1990-08-01,62
1990-08-02,74
1990-08-03,60
1990-08-04,65
1990-08-05,47
1990-08-06,52
1990-08-07,69
1990-08-08,52
1990-08-09,56
1990-08-10,52
1990-08-11,67
1990-08-12,53
1990-08-13,63
1990-08-14,58
1990-08-15,65
1990-08-16,53
1990-08-17,52
1990-08-18,50
1990-08-19,61
1990-08-20,65
1990-08-21,68
1990-08-22,65
1990-08-23,67
1990-08-24,53
1990-08-25,72
1990-08-26,44
1990-08-27,65
1990-08-28,70
1990-08-29,81
1990-08-30,61
1990-08-31,56
1990-09-01,56
1990-09-02,48
1990-09-03,63
1990-09-04,53
1990-09-05,77
1990-09-06,57
1990-09-07,61
1990-09-08,58
1990-09-09,47
1990-09-10,52
1990-09-11,84
1990-09-12,68
1990-09-13,60
1990-09-14,58
1990-09-15,62
1990-09-16,47
1990-09-17,55
1990-09-18,52
1990-09-19,58
1990-09-20,53
1990-09-21,65
1990-09-22,50
1990-09-23,64
1990-09-24,61
1990-09-25,66
1990-09-26,48
1990-09-27,50
1990-09-28,50
1990-09-29,59
1990-09-30,55
1990-10-01,61
1990-10-02,64
1990-10-03,71
1990-10-04,52
1990-10-05,51
1990-10-06,76
1990-10-07,56
1990-10-08,54
1990-10-09,57
1990-10-10,52
1990-10-11,47
1990-10-12,54
1990-10-13,69
1990-10-14,55
1990-10-15,73
1990-10-16,54
1990-10-17,53
1990-10-18,75
1990-10-19,64
1990-10-20,52
1990-10-21,55
1990-10-22,47
1990-10-23,62
1990-10-24,55
1990-10-25,58
1990-10-26,53
1990-10-27,58
1990-10-28,52
1990-10-29,57
1990-10-30,51
1990-10-31,57
1990-11-01,62
1990-11-02,70
1990-11-03,54
1990-11-04,56
1990-11-05,62
1990-11-06,49
1990-11-07,63
1990-11-08,61
1990-11-09,62
1990-11-10,68
1990-11-11,50
1990-11-12,64
1990-11-13,56
1990-11-14,67
1990-11-15,59
1990-11-16,47
1990-11-17,52
1990-11-18,47
1990-11-19,57
1990-11-20,53
1990-11-21,55
1990-11-22,55
1990-11-23,59
1990-11-24,56
1990-11-25,65
1990-11-26,58
1990-11-27,64
1990-11-28,54
1990-11-29,60
1990-11-30,51
1990-12-01,51
1990-12-02,53
1990-12-03,56
1990-12-04,55
1990-12-05,54
1990-12-06,56
1990-12-07,56
1990-12-08,63
1990-12-09,43
1990-12-10,61
1990-12-11,56
1990-12-12,52
1990-12-13,62
1990-12-14,55
1990-12-15,61
1990-12-16,54
1990-12-17,56
1990-12-18,67
1990-12-19,56
1990-12-20,48
1990-12-21,57
1990-12-22,51
1990-12-23,45
1990-12-24,63
1990-12-25,62
1990-12-26,61
1990-12-27,51
1990-12-28,91
1990-12-29,54
1990-12-30,62
1990-12-31,44
1991-01-01,56
1991-01-02,56
1991-01-03,53
1991-01-04,41
1991-01-05,54
1991-01-06,67
1991-01-07,58
1991-01-08,62
1991-01-09,63
1991-01-10,55
1991-01-11,57
1991-01-12,60
1991-01-13,63
1991-01-14,61
1991-01-15,48
1991-01-16,58
1991-01-17,59
1991-01-18,61
1991-01-19,71
1991-01-20,45
1991-01-21,60
1991-01-22,63
1991-01-23,55
1991-01-24,61
1991-01-25,55
1991-01-26,60
1991-01-27,66
1991-01-28,55
1991-01-29,52
1991-01-30,52
1991-01-31,50
1991-02-01,56
1991-02-02,61
1991-02-03,58
1991-02-04,59
1991-02-05,67
1991-02-06,58
1991-02-07,67
1991-02-08,69
1991-02-09,60
1991-02-10,64
1991-02-11,64
1991-02-12,58
1991-02-13,70
1991-02-14,55
1991-02-15,61
1991-02-16,59
1991-02-17,67
1991-02-18,46
1991-02-19,48
1991-02-20,59
1991-02-21,60
1991-02-22,51
1991-02-23,49
1991-02-24,58
1991-02-25,68
1991-02-26,56
1991-02-27,58
1991-02-28,62
1991-03-01,48
1991-03-02,51
1991-03-03,51
1991-03-04,77
1991-03-05,47
1991-03-06,73
1991-03-07,68
1991-03-08,53
1991-03-09,52
1991-03-10,60
1991-03-11,62
1991-03-12,61
1991-03-13,42
1991-03-14,56
1991-03-15,40
1991-03-16,50
1991-03-17,53
1991-03-18,57
1991-03-19,49
1991-03-20,55
1991-03-21,62
1991-03-22,52
1991-03-23,53
1991-03-24,59
1991-03-25,65
1991-03-26,60
1991-03-27,55
1991-03-28,69
1991-03-29,40
1991-03-30,62
1991-03-31,65
1991-04-01,54
1991-04-02,51
1991-04-03,60
1991-04-04,43
1991-04-05,60
1991-04-06,59
1991-04-07,57
1991-04-08,51
1991-04-09,62
1991-04-10,62
1991-04-11,50
1991-04-12,61
1991-04-13,55
1991-04-14,43
1991-04-15,53
1991-04-16,52
1991-04-17,54
1991-04-18,66
1991-04-19,75
1991-04-20,61
1991-04-21,53
1991-04-22,46
1991-04-23,56
1991-04-24,56
1991-04-25,48
1991-04-26,58
1991-04-27,62
1991-04-28,61
1991-04-29,49
1991-04-30,54
1991-05-01,70
1991-05-02,68
1991-05-03,54
1991-05-04,58
1991-05-05,51
1991-05-06,48
1991-05-07,56
1991-05-08,59
1991-05-09,61
1991-05-10,63
1991-05-11,63
1991-05-12,61
1991-05-13,63
1991-05-14,52
1991-05-15,56
1991-05-16,63
1991-05-17,60
1991-05-18,61
1991-05-19,46
1991-05-20,49
1991-05-21,62
1991-05-22,69
1991-05-23,64
1991-05-24,63
1991-05-25,62
1991-05-26,50
1991-05-27,57
1991-05-28,47
1991-05-29,54
1991-05-30,44
1991-05-31,40
1991-06-01,65
1991-06-02,54
1991-06-03,64
1991-06-04,60
1991-06-05,60
1991-06-06,52
1991-06-07,56
1991-06-08,61
1991-06-09,56
1991-06-10,65
1991-06-11,58
1991-06-12,49
1991-06-13,61
1991-06-14,48
1991-06-15,63
1991-06-16,62
1991-06-17,56
1991-06-18,58
1991-06-19,60
1991-06-20,67
1991-06-21,50
1991-06-22,67
1991-06-23,55
1991-06-24,56
1991-06-25,67
1991-06-26,68
1991-06-27,53
1991-06-28,74
1991-06-29,64
1991-06-30,60
1991-07-01,57
1991-07-02,56
1991-07-03,65
1991-07-04,57
1991-07-05,54
1991-07-06,55
1991-07-07,53
1991-07-08,62
1991-07-09,57
1991-07-10,61
1991-07-11,50
1991-07-12,52
1991-07-13,52
1991-07-14,68
1991-07-15,48
1991-07-16,50
1991-07-17,57
1991-07-18,48
1991-07-19,55
1991-07-20,44
1991-07-21,59
1991-07-22,52
1991-07-23,43
1991-07-24,50
1991-07-25,52
1991-07-26,57
1991-07-27,68
1991-07-28,63
1991-07-29,47
1991-07-30,61
1991-07-31,55
1991-08-01,68
1991-08-02,46
1991-08-03,57
1991-08-04,62
1991-08-05,49
1991-08-06,68
1991-08-07,70
1991-08-08,57
1991-08-09,57
1991-08-10,60
1991-08-11,55
1991-08-12,53
1991-08-13,57
1991-08-14,68
1991-08-15,64
1991-08-16,68
1991-08-17,52
1991-08-18,63
1991-08-19,73
1991-08-20,60
1991-08-21,61
1991-08-22,58
1991-08-23,55
1991-08-24,61
1991-08-25,60
1991-08-26,70
1991-08-27,52
1991-08-28,65
1991-08-29,63
1991-08-30,58
1991-08-31,66
1991-09-01,80
1991-09-02,63
1991-09-03,76
1991-09-04,61
1991-09-05,55
1991-09-06,44
1991-09-07,43
1991-09-08,69
1991-09-09,50
1991-09-10,65
1991-09-11,39
1991-09-12,62
1991-09-13,58
1991-09-14,58
1991-09-15,50
1991-09-16,52
1991-09-17,55
1991-09-18,59
1991-09-19,54
1991-09-20,61
1991-09-21,57
1991-09-22,60
1991-09-23,76
1991-09-24,41
1991-09-25,49
1991-09-26,70
1991-09-27,62
1991-09-28,54
1991-09-29,63
1991-09-30,53
1991-10-01,56
1991-10-02,60
1991-10-03,40
1991-10-04,49
1991-10-05,67
1991-10-06,68
1991-10-07,65
1991-10-08,65
1991-10-09,48
1991-10-10,50
1991-10-11,60
1991-10-12,57
1991-10-13,58
1991-10-14,48
1991-10-15,46
1991-10-16,68
1991-10-17,56
1991-10-18,64
1991-10-19,52
1991-10-20,47
1991-10-21,55
1991-10-22,68
1991-10-23,40
1991-10-24,53
1991-10-25,54
1991-10-26,62
1991-10-27,39
1991-10-28,53
1991-10-29,50
1991-10-30,67
1991-10-31,47
1991-11-01,58
1991-11-02,61
1991-11-03,63
1991-11-04,59
1991-11-05,49
1991-11-06,51
1991-11-07,61
1991-11-08,67
1991-11-09,82
1991-11-10,60
1991-11-11,52
1991-11-12,56
1991-11-13,65
1991-11-14,51
1991-11-15,54
1991-11-16,53
1991-11-17,70
1991-11-18,58
1991-11-19,59
1991-11-20,45
1991-11-21,74
1991-11-22,66
1991-11-23,53
1991-11-24,53
1991-11-25,56
1991-11-26,48
1991-11-27,56
1991-11-28,69
1991-11-29,60
1991-11-30,59
1991-12-01,54
1991-12-02,54
1991-12-03,47
1991-12-04,68
1991-12-05,74
1991-12-06,70
1991-12-07,60
1991-12-08,54
1991-12-09,62
1991-12-10,58
1991-12-11,44
1991-12-12,65
1991-12-13,44
1991-12-14,64
1991-12-15,52
1991-12-16,67
1991-12-17,41
1991-12-18,62
1991-12-19,52
1991-12-20,55
1991-12-21,52
1991-12-22,55
1991-12-23,67
1991-12-24,55
1991-12-25,49
1991-12-26,70
1991-12-27,53
1991-12-28,54
1991-12-29,46
1991-12-30,53
1991-12-31,53
1992-01-01,64
1992-01-02,60
1992-01-03,60
1992-01-04,53
1992-01-05,73
1992-01-06,52
1992-01-07,64
1992-01-08,60
1992-01-09,60
1992-01-10,70
1992-01-11,43
1992-01-12,57
1992-01-13,58
1992-01-14,49
1992-01-15,71
1992-01-16,58
1992-01-17,62
1992-01-18,62
1992-01-19,52
1992-01-20,42
1992-01-21,55
1992-01-22,54
1992-01-23,58
1992-01-24,53
1992-01-25,61
1992-01-26,69
1992-01-27,62
1992-01-28,47
1992-01-29,62
1992-01-30,66
1992-01-31,52
1992-02-01,62
1992-02-02,53
1992-02-03,58
1992-02-04,42
1992-02-05,55
1992-02-06,61
1992-02-07,56
1992-02-08,58
1992-02-09,82
1992-02-10,48
1992-02-11,52
1992-02-12,58
1992-02-13,64
1992-02-14,54
1992-02-15,52
1992-02-16,56
1992-02-17,68
1992-02-18,53
1992-02-19,58
1992-02-20,54
1992-02-21,50
1992-02-22,60
1992-02-23,61
1992-02-24,52
1992-02-25,69
1992-02-26,60
1992-02-27,72
1992-02-28,68
1992-02-29,51
1992-03-01,64
1992-03-02,63
1992-03-03,47
1992-03-04,55
1992-03-05,63
1992-03-06,53
1992-03-07,62
1992-03-08,58
1992-03-09,51
1992-03-10,45
1992-03-11,65
1992-03-12,54
1992-03-13,61
1992-03-14,44
1992-03-15,64
1992-03-16,67
1992-03-17,53
1992-03-18,54
1992-03-19,59
1992-03-20,54
1992-03-21,66
1992-03-22,59
1992-03-23,49
1992-03-24,54
1992-03-25,63
1992-03-26,54
1992-03-27,45
1992-03-28,67
1992-03-29,42
1992-03-30,64
1992-03-31,59
1992-04-01,72
1992-04-02,53
1992-04-03,63
1992-04-04,55
1992-04-05,55
1992-04-06,57
1992-04-07,56
1992-04-08,51
1992-04-09,61
1992-04-10,61
1992-04-11,57
1992-04-12,40
1992-04-13,53
1992-04-14,48
1992-04-15,68
1992-04-16,73
1992-04-17,51
1992-04-18,59
1992-04-19,67
1992-04-20,56
1992-04-21,66
1992-04-22,67
1992-04-23,56
1992-04-24,58
1992-04-25,72
1992-04-26,55
1992-04-27,57
1992-04-28,63
1992-04-29,76
1992-04-30,64
1992-05-01,50
1992-05-02,66
1992-05-03,46
1992-05-04,82
1992-05-05,55
1992-05-06,62
1992-05-07,52
1992-05-08,49
1992-05-09,60
1992-05-10,56
1992-05-11,61
1992-05-12,63
1992-05-13,61
1992-05-14,63
1992-05-15,55
1992-05-16,53
1992-05-17,64
1992-05-18,58
1992-05-19,70
1992-05-20,48
1992-05-21,53
1992-05-22,59
1992-05-23,54
1992-05-24,74
1992-05-25,55
1992-05-26,58
1992-05-27,55
1992-05-28,76
1992-05-29,57
1992-05-30,62
1992-05-31,54
1992-06-01,50
1992-06-02,62
1992-06-03,56
1992-06-04,68
1992-06-05,57
1992-06-06,57
1992-06-07,63
1992-06-08,55
1992-06-09,58
1992-06-10,58
1992-06-11,58
1992-06-12,65
1992-06-13,55
1992-06-14,48
1992-06-15,57
1992-06-16,58
1992-06-17,60
1992-06-18,67
1992-06-19,58
1992-06-20,63
1992-06-21,61
1992-06-22,69
1992-06-23,54
1992-06-24,48
1992-06-25,63
1992-06-26,68
1992-06-27,58
1992-06-28,50
1992-06-29,64
1992-06-30,60
1992-07-01,78
1992-07-02,63
1992-07-03,67
1992-07-04,60
1992-07-05,53
1992-07-06,59
1992-07-07,61
1992-07-08,52
1992-07-09,63
1992-07-10,65
1992-07-11,50
1992-07-12,53
1992-07-13,60
1992-07-14,51
1992-07-15,68
1992-07-16,51
1992-07-17,64
1992-07-18,65
1992-07-19,67
1992-07-20,57
1992-07-21,53
1992-07-22,64
1992-07-23,55
1992-07-24,55
1992-07-25,62
1992-07-26,46
1992-07-27,45
1992-07-28,50
1992-07-29,68
1992-07-30,54
1992-07-31,68
1992-08-01,69
1992-08-02,63
1992-08-03,57
1992-08-04,66
1992-08-05,58
1992-08-06,51
1992-08-07,59
1992-08-08,58
1992-08-09,59
1992-08-10,52
1992-08-11,48
1992-08-12,71
1992-08-13,54
1992-08-14,54
1992-08-15,62
1992-08-16,63
1992-08-17,55
1992-08-18,61
1992-08-19,59
1992-08-20,70
1992-08-21,67
1992-08-22,61
1992-08-23,51
1992-08-24,54
1992-08-25,55
1992-08-26,58
1992-08-27,58
1992-08-28,77
1992-08-29,58
1992-08-30,54
1992-08-31,50
1992-09-01,45
1992-09-02,58
1992-09-03,59
1992-09-04,58
1992-09-05,59
1992-09-06,64
1992-09-07,58
1992-09-08,62
1992-09-09,50
1992-09-10,63
1992-09-11,54
1992-09-12,54
1992-09-13,57
1992-09-14,56
1992-09-15,57
1992-09-16,62
1992-09-17,71
1992-09-18,68
1992-09-19,62
1992-09-20,60
1992-09-21,63
1992-09-22,53
1992-09-23,67
1992-09-24,53
1992-09-25,49
1992-09-26,56
1992-09-27,60
1992-09-28,61
1992-09-29,67
1992-09-30,49
1992-10-01,68
1992-10-02,65
1992-10-03,49
1992-10-04,57
1992-10-05,60
1992-10-06,63
1992-10-07,69
1992-10-08,57
1992-10-09,60
1992-10-10,46
1992-10-11,62
1992-10-12,61
1992-10-13,53
1992-10-14,68
1992-10-15,58
1992-10-16,55
1992-10-17,64
1992-10-18,53
1992-10-19,51
1992-10-20,72
1992-10-21,52
1992-10-22,74
1992-10-23,66
1992-10-24,61
1992-10-25,57
1992-10-26,59
1992-10-27,63
1992-10-28,80
1992-10-29,63
1992-10-30,54
1992-10-31,65
1992-11-01,53
1992-11-02,57
1992-11-03,59
1992-11-04,63
1992-11-05,63
1992-11-06,56
1992-11-07,55
1992-11-08,54
1992-11-09,65
1992-11-10,54
1992-11-11,59
1992-11-12,63
1992-11-13,48
1992-11-14,62
1992-11-15,47
1992-11-16,69
1992-11-17,52
1992-11-18,75
1992-11-19,60
1992-11-20,51
1992-11-21,76
1992-11-22,69
1992-11-23,51
1992-11-24,52
1992-11-25,57
1992-11-26,53
1992-11-27,69
1992-11-28,52
1992-11-29,65
1992-11-30,56
1992-12-01,61
1992-12-02,66
1992-12-03,72
1992-12-04,66
1992-12-05,70
1992-12-06,51
1992-12-07,68
1992-12-08,57
1992-12-09,50
1992-12-10,58
1992-12-11,63
1992-12-12,67
1992-12-13,60
1992-12-14,55
1992-12-15,52
1992-12-16,59
1992-12-17,57
1992-12-18,59
1992-12-19,55
1992-12-20,62
1992-12-21,47
1992-12-22,55
1992-12-23,53
1992-12-24,67
1992-12-25,68
1992-12-26,60
1992-12-27,59
1992-12-28,49
1992-12-29,60
1992-12-30,55
1992-12-31,60
1993-01-01,55
1993-01-02,71
1993-01-03,60
1993-01-04,47
1993-01-05,60
1993-01-06,51
1993-01-07,65
1993-01-08,65
1993-01-09,66
1993-01-10,49
1993-01-11,53
1993-01-12,64
1993-01-13,47
1993-01-14,59
1993-01-15,64
1993-01-16,45
1993-01-17,61
1993-01-18,67
1993-01-19,42
1993-01-20,57
1993-01-21,58
1993-01-22,61
1993-01-23,55
1993-01-24,64
1993-01-25,52
1993-01-26,41
1993-01-27,53
1993-01-28,61
1993-01-29,48
1993-01-30,68
1993-01-31,61
1993-02-01,75
1993-02-02,86
1993-02-03,64
1993-02-04,52
1993-02-05,51
1993-02-06,62
1993-02-07,61
1993-02-08,61
1993-02-09,75
1993-02-10,55
1993-02-11,60
1993-02-12,61
1993-02-13,59
1993-02-14,72
1993-02-15,69
1993-02-16,63
1993-02-17,58
1993-02-18,56
1993-02-19,65
1993-02-20,48
1993-02-21,67
1993-02-22,58
1993-02-23,48
1993-02-24,64
1993-02-25,70
1993-02-26,53
1993-02-27,55
1993-02-28,57
1993-03-01,69
1993-03-02,58
1993-03-03,56
1993-03-04,58
1993-03-05,65
1993-03-06,57
1993-03-07,65
1993-03-08,53
1993-03-09,48
1993-03-10,60
1993-03-11,67
1993-03-12,57
1993-03-13,55
1993-03-14,56
1993-03-15,57
1993-03-16,64
1993-03-17,59
1993-03-18,61
1993-03-19,52
1993-03-20,57
1993-03-21,59
1993-03-22,75
1993-03-23,50
1993-03-24,60
1993-03-25,61
1993-03-26,53
1993-03-27,62
1993-03-28,69
1993-03-29,55
1993-03-30,57
1993-03-31,54
1993-04-01,50
1993-04-02,47
1993-04-03,64
1993-04-04,58
1993-04-05,61
1993-04-06,46
1993-04-07,58
1993-04-08,63
1993-04-09,47
1993-04-10,56
1993-04-11,60
1993-04-12,59
1993-04-13,57
1993-04-14,63
1993-04-15,60
1993-04-16,59
1993-04-17,48
1993-04-18,56
1993-04-19,66
1993-04-20,60
1993-04-21,69
1993-04-22,55
1993-04-23,65
1993-04-24,61
1993-04-25,54
1993-04-26,49
1993-04-27,51
1993-04-28,56
1993-04-29,63
1993-04-30,55
1993-05-01,63
1993-05-02,65
1993-05-03,64
1993-05-04,55
1993-05-05,67
1993-05-06,78
1993-05-07,70
1993-05-08,68
1993-05-09,51
1993-05-10,70
1993-05-11,55
1993-05-12,70
1993-05-13,53
1993-05-14,40
1993-05-15,59
1993-05-16,67
1993-05-17,52
1993-05-18,59
1993-05-19,59
1993-05-20,64
1993-05-21,60
1993-05-22,69
1993-05-23,61
1993-05-24,61
1993-05-25,57
1993-05-26,54
1993-05-27,59
1993-05-28,45
1993-05-29,56
1993-05-30,69
1993-05-31,48
1993-06-01,63
1993-06-02,56
1993-06-03,64
1993-06-04,65
1993-06-05,48
1993-06-06,65
1993-06-07,73
1993-06-08,53
1993-06-09,61
1993-06-10,64
1993-06-11,57
1993-06-12,63
1993-06-13,73
1993-06-14,69
1993-06-15,65
1993-06-16,63
1993-06-17,62
1993-06-18,57
1993-06-19,59
1993-06-20,64
1993-06-21,63
1993-06-22,51
1993-06-23,58
1993-06-24,54
1993-06-25,51
1993-06-26,62
1993-06-27,63
1993-06-28,50
1993-06-29,54
1993-06-30,62
1993-07-01,64
1993-07-02,66
1993-07-03,68
1993-07-04,54
1993-07-05,58
1993-07-06,62
1993-07-07,58
1993-07-08,45
1993-07-09,56
1993-07-10,62
1993-07-11,53
1993-07-12,48
1993-07-13,57
1993-07-14,67
1993-07-15,58
1993-07-16,53
1993-07-17,58
1993-07-18,52
1993-07-19,59
1993-07-20,55
1993-07-21,44
1993-07-22,47
1993-07-23,61
1993-07-24,64
1993-07-25,53
1993-07-26,72
1993-07-27,63
1993-07-28,59
1993-07-29,51
1993-07-30,52
1993-07-31,63
1993-08-01,54
1993-08-02,63
1993-08-03,53
1993-08-04,60
1993-08-05,62
1993-08-06,54
1993-08-07,59
1993-08-08,57
1993-08-09,55
1993-08-10,57
1993-08-11,49
1993-08-12,44
1993-08-13,49
1993-08-14,54
1993-08-15,70
1993-08-16,65
1993-08-17,70
1993-08-18,63
1993-08-19,54
1993-08-20,68
1993-08-21,55
1993-08-22,57
1993-08-23,59
1993-08-24,61
1993-08-25,64
1993-08-26,87
1993-08-27,57
1993-08-28,59
1993-08-29,55
1993-08-30,53
1993-08-31,55
1993-09-01,63
1993-09-02,50
1993-09-03,62
1993-09-04,54
1993-09-05,51
1993-09-06,53
1993-09-07,53
1993-09-08,58
1993-09-09,61
1993-09-10,52
1993-09-11,60
1993-09-12,68
1993-09-13,59
1993-09-14,64
1993-09-15,57
1993-09-16,65
1993-09-17,58
1993-09-18,60
1993-09-19,66
1993-09-20,52
1993-09-21,63
1993-09-22,57
1993-09-23,67
1993-09-24,56
1993-09-25,66
1993-09-26,52
1993-09-27,46
1993-09-28,60
1993-09-29,64
1993-09-30,62
1993-10-01,67
1993-10-02,52
1993-10-03,56
1993-10-04,59
1993-10-05,57
1993-10-06,53
1993-10-07,69
1993-10-08,57
1993-10-09,68
1993-10-10,49
1993-10-11,54
1993-10-12,50
1993-10-13,59
1993-10-14,57
1993-10-15,54
1993-10-16,47
1993-10-17,63
1993-10-18,65
1993-10-19,66
1993-10-20,56
1993-10-21,42
1993-10-22,52
1993-10-23,48
1993-10-24,64
1993-10-25,63
1993-10-26,67
1993-10-27,66
1993-10-28,51
1993-10-29,51
1993-10-30,58
1993-10-31,60
1993-11-01,64
1993-11-02,48
1993-11-03,51
1993-11-04,62
1993-11-05,55
1993-11-06,53
1993-11-07,51
1993-11-08,64
1993-11-09,55
1993-11-10,57
1993-11-11,66
1993-11-12,68
1993-11-13,69
1993-11-14,68
1993-11-15,54
1993-11-16,50
1993-11-17,61
1993-11-18,59
1993-11-19,66
1993-11-20,61
1993-11-21,43
1993-11-22,48
1993-11-23,66
1993-11-24,54
1993-11-25,47
1993-11-26,57
1993-11-27,57
1993-11-28,53
1993-11-29,68
1993-11-30,73
1993-12-01,63
1993-12-02,45
1993-12-03,63
1993-12-04,64
1993-12-05,64
1993-12-06,51
1993-12-07,59
1993-12-08,62
1993-12-09,71
1993-12-10,64
1993-12-11,56
1993-12-12,52
1993-12-13,57
1993-12-14,70
1993-12-15,54
1993-12-16,64
1993-12-17,62
1993-12-18,56
1993-12-19,56
1993-12-20,77
1993-12-21,68
1993-12-22,83
1993-12-23,60
1993-12-24,64
1993-12-25,47
1993-12-26,72
1993-12-27,66
1993-12-28,60
1993-12-29,64
1993-12-30,52
1993-12-31,45
1994-01-01,51
1994-01-02,60
1994-01-03,65
1994-01-04,49
1994-01-05,49
1994-01-06,57
1994-01-07,67
1994-01-08,62
1994-01-09,60
1994-01-10,53
1994-01-11,64
1994-01-12,67
1994-01-13,50
1994-01-14,64
1994-01-15,48
1994-01-16,48
1994-01-17,60
1994-01-18,65
1994-01-19,63
1994-01-20,63
1994-01-21,68
1994-01-22,58
1994-01-23,73
1994-01-24,59
1994-01-25,53
1994-01-26,63
1994-01-27,58
1994-01-28,68
1994-01-29,58
1994-01-30,62
1994-01-31,58
1994-02-01,67
1994-02-02,59
1994-02-03,57
1994-02-04,58
1994-02-05,53
1994-02-06,76
1994-02-07,55
1994-02-08,55
1994-02-09,53
1994-02-10,61
1994-02-11,65
1994-02-12,60
1994-02-13,50
1994-02-14,56
1994-02-15,51
1994-02-16,64
1994-02-17,74
1994-02-18,64
1994-02-19,59
1994-02-20,73
1994-02-21,61
1994-02-22,45
1994-02-23,64
1994-02-24,52
1994-02-25,61
1994-02-26,68
1994-02-27,53
1994-02-28,70
1994-03-01,65
1994-03-02,64
1994-03-03,60
1994-03-04,52
1994-03-05,60
1994-03-06,55
1994-03-07,54
1994-03-08,47
1994-03-09,59
1994-03-10,69
1994-03-11,66
1994-03-12,54
1994-03-13,63
1994-03-14,48
1994-03-15,56
1994-03-16,56
1994-03-17,51
1994-03-18,60
1994-03-19,60
1994-03-20,47
1994-03-21,67
1994-03-22,61
1994-03-23,69
1994-03-24,50
1994-03-25,64
1994-03-26,58
1994-03-27,61
1994-03-28,57
1994-03-29,61
1994-03-30,67
1994-03-31,70
1994-04-01,53
1994-04-02,60
1994-04-03,61
1994-04-04,67
1994-04-05,58
1994-04-06,55
1994-04-07,57
1994-04-08,54
1994-04-09,64
1994-04-10,52
1994-04-11,37
1994-04-12,70
1994-04-13,45
1994-04-14,67
1994-04-15,54
1994-04-16,65
1994-04-17,60
1994-04-18,51
1994-04-19,58
1994-04-20,52
1994-04-21,67
1994-04-22,64
1994-04-23,51
1994-04-24,54
1994-04-25,69
1994-04-26,62
1994-04-27,60
1994-04-28,66
1994-04-29,57
1994-04-30,61
1994-05-01,42
1994-05-02,73
1994-05-03,52
1994-05-04,61
1994-05-05,54
1994-05-06,63
1994-05-07,64
1994-05-08,49
1994-05-09,56
1994-05-10,67
1994-05-11,54
1994-05-12,46
1994-05-13,50
1994-05-14,57
1994-05-15,61
1994-05-16,67
1994-05-17,41
1994-05-18,60
1994-05-19,55
1994-05-20,61
1994-05-21,75
1994-05-22,64
1994-05-23,67
1994-05-24,59
1994-05-25,66
1994-05-26,60
1994-05-27,61
1994-05-28,62
1994-05-29,59
1994-05-30,62
1994-05-31,74
1994-06-01,67
1994-06-02,61
1994-06-03,65
1994-06-04,50
1994-06-05,56
1994-06-06,67
1994-06-07,57
1994-06-08,51
1994-06-09,56
1994-06-10,50
1994-06-11,55
1994-06-12,53
1994-06-13,58
1994-06-14,55
1994-06-15,62
1994-06-16,51
1994-06-17,83
1994-06-18,56
1994-06-19,63
1994-06-20,53
1994-06-21,73
1994-06-22,65
1994-06-23,59
1994-06-24,75
1994-06-25,64
1994-06-26,54
1994-06-27,58
1994-06-28,60
1994-06-29,51
1994-06-30,54
1994-07-01,43
1994-07-02,56
1994-07-03,59
1994-07-04,55
1994-07-05,66
1994-07-06,50
1994-07-07,52
1994-07-08,56
1994-07-09,67
1994-07-10,61
1994-07-11,57
1994-07-12,64
1994-07-13,69
1994-07-14,61
1994-07-15,60
1994-07-16,68
1994-07-17,54
1994-07-18,65
1994-07-19,68
1994-07-20,38
1994-07-21,59
1994-07-22,65
1994-07-23,65
1994-07-24,61
1994-07-25,57
1994-07-26,68
1994-07-27,60
1994-07-28,53
1994-07-29,60
1994-07-30,62
1994-07-31,52
1994-08-01,67
1994-08-02,54
1994-08-03,57
1994-08-04,61
1994-08-05,53
1994-08-06,61
1994-08-07,52
1994-08-08,53
1994-08-09,59
1994-08-10,57
1994-08-11,56
1994-08-12,46
1994-08-13,52
1994-08-14,72
1994-08-15,60
1994-08-16,66
1994-08-17,65
1994-08-18,53
1994-08-19,63
1994-08-20,57
1994-08-21,60
1994-08-22,68
1994-08-23,71
1994-08-24,64
1994-08-25,53
1994-08-26,69
1994-08-27,54
1994-08-28,56
1994-08-29,58
1994-08-30,52
1994-08-31,80
1994-09-01,56
1994-09-02,59
1994-09-03,50
1994-09-04,59
1994-09-05,59
1994-09-06,53
1994-09-07,61
1994-09-08,66
1994-09-09,61
1994-09-10,52
1994-09-11,64
1994-09-12,58
1994-09-13,58
1994-09-14,66
1994-09-15,56
1994-09-16,46
1994-09-17,54
1994-09-18,54
1994-09-19,53
1994-09-20,51
1994-09-21,63
1994-09-22,72
1994-09-23,64
1994-09-24,57
1994-09-25,58
1994-09-26,58
1994-09-27,67
1994-09-28,54
1994-09-29,55
1994-09-30,52
1994-10-01,62
1994-10-02,60
1994-10-03,59
1994-10-04,66
1994-10-05,60
1994-10-06,68
1994-10-07,64
1994-10-08,67
1994-10-09,61
1994-10-10,48
1994-10-11,64
1994-10-12,62
1994-10-13,55
1994-10-14,58
1994-10-15,55
1994-10-16,58
1994-10-17,64
1994-10-18,63
1994-10-19,62
1994-10-20,75
1994-10-21,54
1994-10-22,38
1994-10-23,61
1994-10-24,47
1994-10-25,69
1994-10-26,76
1994-10-27,54
1994-10-28,47
1994-10-29,63
1994-10-30,65
1994-10-31,53
1994-11-01,55
1994-11-02,61
1994-11-03,57
1994-11-04,55
1994-11-05,69
1994-11-06,56
1994-11-07,65
1994-11-08,58
1994-11-09,65
1994-11-10,50
1994-11-11,52
1994-11-12,52
1994-11-13,58
1994-11-14,51
1994-11-15,59
1994-11-16,57
1994-11-17,56
1994-11-18,54
1994-11-19,62
1994-11-20,62
1994-11-21,65
1994-11-22,54
1994-11-23,67
1994-11-24,47
1994-11-25,64
1994-11-26,63
1994-11-27,48
1994-11-28,65
1994-11-29,54
1994-11-30,71
1994-12-01,53
1994-12-02,71
1994-12-03,59
1994-12-04,69
1994-12-05,49
1994-12-06,60
1994-12-07,52
1994-12-08,53
1994-12-09,59
1994-12-10,63
1994-12-11,57
1994-12-12,57
1994-12-13,58
1994-12-14,62
1994-12-15,46
1994-12-16,56
1994-12-17,67
1994-12-18,77
1994-12-19,71
1994-12-20,61
1994-12-21,62
1994-12-22,63
1994-12-23,64
1994-12-24,65
1994-12-25,58
1994-12-26,64
1994-12-27,51
1994-12-28,66
1994-12-29,58
1994-12-30,61
1994-12-31,47
1995-01-01,57
1995-01-02,61
1995-01-03,55
1995-01-04,66
1995-01-05,60
1995-01-06,57
1995-01-07,56
1995-01-08,56
1995-01-09,61
1995-01-10,72
1995-01-11,62
1995-01-12,60
1995-01-13,47
1995-01-14,52
1995-01-15,64
1995-01-16,66
1995-01-17,70
1995-01-18,56
1995-01-19,76
1995-01-20,52
1995-01-21,59
1995-01-22,73
1995-01-23,54
1995-01-24,57
1995-01-25,70
1995-01-26,59
1995-01-27,56
1995-01-28,72
1995-01-29,54
1995-01-30,51
1995-01-31,53
1995-02-01,50
1995-02-02,57
1995-02-03,72
1995-02-04,64
1995-02-05,74
1995-02-06,48
1995-02-07,54
1995-02-08,54
1995-02-09,54
1995-02-10,66
1995-02-11,51
1995-02-12,67
1995-02-13,47
1995-02-14,63
1995-02-15,59
1995-02-16,67
1995-02-17,62
1995-02-18,66
1995-02-19,60
1995-02-20,69
1995-02-21,47
1995-02-22,65
1995-02-23,66
1995-02-24,67
1995-02-25,64
1995-02-26,44
1995-02-27,50
1995-02-28,56
1995-03-01,69
1995-03-02,64
1995-03-03,49
1995-03-04,63
1995-03-05,55
1995-03-06,50
1995-03-07,54
1995-03-08,67
1995-03-09,66
1995-03-10,72
1995-03-11,65
1995-03-12,58
1995-03-13,79
1995-03-14,59
1995-03-15,67
1995-03-16,75
1995-03-17,48
1995-03-18,69
1995-03-19,55
1995-03-20,68
1995-03-21,66
1995-03-22,49
1995-03-23,80
1995-03-24,55
1995-03-25,58
1995-03-26,63
1995-03-27,54
1995-03-28,60
1995-03-29,46
1995-03-30,46
1995-03-31,63
1995-04-01,60
1995-04-02,70
1995-04-03,54
1995-04-04,65
1995-04-05,59
1995-04-06,72
1995-04-07,75
1995-04-08,79
1995-04-09,49
1995-04-10,65
1995-04-11,51
1995-04-12,63
1995-04-13,60
1995-04-14,63
1995-04-15,49
1995-04-16,53
1995-04-17,55
1995-04-18,71
1995-04-19,61
1995-04-20,71
1995-04-21,61
1995-04-22,48
1995-04-23,70
1995-04-24,49
1995-04-25,75
1995-04-26,75
1995-04-27,63
1995-04-28,60
1995-04-29,77
1995-04-30,61
1995-05-01,49
1995-05-02,64
1995-05-03,57
1995-05-04,59
1995-05-05,67
1995-05-06,52
1995-05-07,75
1995-05-08,68
1995-05-09,37
1995-05-10,53
1995-05-11,50
1995-05-12,66
1995-05-13,43
1995-05-14,55
1995-05-15,63
1995-05-16,55
1995-05-17,58
1995-05-18,60
1995-05-19,64
1995-05-20,60
1995-05-21,48
1995-05-22,68
1995-05-23,49
1995-05-24,64
1995-05-25,50
1995-05-26,62
1995-05-27,60
1995-05-28,57
1995-05-29,65
1995-05-30,57
1995-05-31,53
1995-06-01,65
1995-06-02,61
1995-06-03,63
1995-06-04,61
1995-06-05,68
1995-06-06,64
1995-06-07,61
1995-06-08,56
1995-06-09,68
1995-06-10,50
1995-06-11,62
1995-06-12,52
1995-06-13,65
1995-06-14,66
1995-06-15,66
1995-06-16,69
1995-06-17,61
1995-06-18,52
1995-06-19,68
1995-06-20,51
1995-06-21,65
1995-06-22,74
1995-06-23,61
1995-06-24,51
1995-06-25,76
1995-06-26,59
1995-06-27,56
1995-06-28,54
1995-06-29,57
1995-06-30,60
1995-07-01,54
1995-07-02,53
1995-07-03,62
1995-07-04,57
1995-07-05,70
1995-07-06,78
1995-07-07,59
1995-07-08,52
1995-07-09,53
1995-07-10,57
1995-07-11,60
1995-07-12,60
1995-07-13,68
1995-07-14,56
1995-07-15,73
1995-07-16,70
1995-07-17,66
1995-07-18,59
1995-07-19,71
1995-07-20,70
1995-07-21,57
1995-07-22,42
1995-07-23,38
1995-07-24,51
1995-07-25,49
1995-07-26,57
1995-07-27,61
1995-07-28,73
1995-07-29,52
1995-07-30,61
1995-07-31,59
1995-08-01,54
1995-08-02,69
1995-08-03,71
1995-08-04,45
1995-08-05,69
1995-08-06,53
1995-08-07,58
1995-08-08,66
1995-08-09,52
1995-08-10,44
1995-08-11,67
1995-08-12,49
1995-08-13,62
1995-08-14,56
1995-08-15,45
1995-08-16,70
1995-08-17,48
1995-08-18,58
1995-08-19,71
1995-08-20,63
1995-08-21,61
1995-08-22,64
1995-08-23,51
1995-08-24,59
1995-08-25,57
1995-08-26,66
1995-08-27,68
1995-08-28,63
1995-08-29,59
1995-08-30,51
1995-08-31,64
1995-09-01,60
1995-09-02,57
1995-09-03,60
1995-09-04,46
1995-09-05,64
1995-09-06,58
1995-09-07,66
1995-09-08,50
1995-09-09,52
1995-09-10,62
1995-09-11,66
1995-09-12,49
1995-09-13,57
1995-09-14,65
1995-09-15,65
1995-09-16,60
1995-09-17,60
1995-09-18,53
1995-09-19,61
1995-09-20,58
1995-09-21,43
1995-09-22,58
1995-09-23,74
1995-09-24,51
1995-09-25,59
1995-09-26,51
1995-09-27,61
1995-09-28,42
1995-09-29,62
1995-09-30,58
1995-10-01,54
1995-10-02,72
1995-10-03,56
1995-10-04,70
1995-10-05,53
1995-10-06,67
1995-10-07,62
1995-10-08,53
1995-10-09,50
1995-10-10,61
1995-10-11,74
1995-10-12,46
1995-10-13,59
1995-10-14,60
1995-10-15,48
1995-10-16,67
1995-10-17,61
1995-10-18,58
1995-10-19,63
1995-10-20,64
1995-10-21,57
1995-10-22,56
1995-10-23,65
1995-10-24,59
1995-10-25,68
1995-10-26,52
1995-10-27,50
1995-10-28,63
1995-10-29,65
1995-10-30,62
1995-10-31,62
1995-11-01,55
1995-11-02,72
1995-11-03,59
1995-11-04,64
1995-11-05,55
1995-11-06,72
1995-11-07,57
1995-11-08,60
1995-11-09,48
1995-11-10,65
1995-11-11,51
1995-11-12,73
1995-11-13,58
1995-11-14,49
1995-11-15,66
1995-11-16,62
1995-11-17,53
1995-11-18,51
1995-11-19,64
1995-11-20,62
1995-11-21,58
1995-11-22,52
1995-11-23,68
1995-11-24,73
1995-11-25,59
1995-11-26,52
1995-11-27,65
1995-11-28,58
1995-11-29,70
1995-11-30,58
1995-12-01,61
1995-12-02,71
1995-12-03,62
1995-12-04,63
1995-12-05,64
1995-12-06,48
1995-12-07,59
1995-12-08,71
1995-12-09,57
1995-12-10,63
1995-12-11,72
1995-12-12,40
1995-12-13,60
1995-12-14,57
1995-12-15,71
1995-12-16,61
1995-12-17,61
1995-12-18,56
1995-12-19,64
1995-12-20,65
1995-12-21,50
1995-12-22,54
1995-12-23,64
1995-12-24,66
1995-12-25,68
1995-12-26,63
1995-12-27,59
1995-12-28,64
1995-12-29,61
1995-12-30,55
1995-12-31,70
1996-01-01,71
1996-01-02,66
1996-01-03,69
1996-01-04,73
1996-01-05,55
1996-01-06,64
1996-01-07,61
1996-01-08,65
1996-01-09,66
1996-01-10,52
1996-01-11,69
1996-01-12,66
1996-01-13,57
1996-01-14,60
1996-01-15,49
1996-01-16,68
1996-01-17,60
1996-01-18,61
1996-01-19,55
1996-01-20,72
1996-01-21,60
1996-01-22,74
1996-01-23,62
1996-01-24,60
1996-01-25,57
1996-01-26,59
1996-01-27,70
1996-01-28,71
1996-01-29,67
1996-01-30,53
1996-01-31,69
1996-02-01,44
1996-02-02,73
1996-02-03,45
1996-02-04,57
1996-02-05,54
1996-02-06,68
1996-02-07,61
1996-02-08,61
1996-02-09,52
1996-02-10,61
1996-02-11,59
1996-02-12,47
1996-02-13,53
1996-02-14,60
1996-02-15,64
1996-02-16,59
1996-02-17,76
1996-02-18,62
1996-02-19,55
1996-02-20,60
1996-02-21,58
1996-02-22,59
1996-02-23,63
1996-02-24,60
1996-02-25,68
1996-02-26,68
1996-02-27,70
1996-02-28,69
1996-02-29,54
1996-03-01,59
1996-03-02,66
1996-03-03,65
1996-03-04,60
1996-03-05,57
1996-03-06,60
1996-03-07,44
1996-03-08,68
1996-03-09,54
1996-03-10,66
1996-03-11,65
1996-03-12,67
1996-03-13,52
1996-03-14,68
1996-03-15,67
1996-03-16,54
1996-03-17,59
1996-03-18,65
1996-03-19,58
1996-03-20,55
1996-03-21,60
1996-03-22,58
1996-03-23,49
1996-03-24,75
1996-03-25,68
1996-03-26,46
1996-03-27,67
1996-03-28,55
1996-03-29,65
1996-03-30,64
1996-03-31,51
1996-04-01,60
1996-04-02,53
1996-04-03,49
1996-04-04,66
1996-04-05,48
1996-04-06,67
1996-04-07,66
1996-04-08,62
1996-04-09,64
1996-04-10,65
1996-04-11,53
1996-04-12,59
1996-04-13,61
1996-04-14,66
1996-04-15,57
1996-04-16,72
1996-04-17,69
1996-04-18,56
1996-04-19,74
1996-04-20,71
1996-04-21,53
1996-04-22,56
1996-04-23,55
1996-04-24,41
1996-04-25,61
1996-04-26,61
1996-04-27,55
1996-04-28,58
1996-04-29,62
1996-04-30,68
1996-05-01,52
1996-05-02,66
1996-05-03,69
1996-05-04,61
1996-05-05,57
1996-05-06,68
1996-05-07,58
1996-05-08,66
1996-05-09,77
1996-05-10,65
1996-05-11,63
1996-05-12,59
1996-05-13,73
1996-05-14,63
1996-05-15,71
1996-05-16,63
1996-05-17,53
1996-05-18,68
1996-05-19,61
1996-05-20,70
1996-05-21,67
1996-05-22,52
1996-05-23,53
1996-05-24,58
1996-05-25,50
1996-05-26,59
1996-05-27,72
1996-05-28,52
1996-05-29,45
1996-05-30,67
1996-05-31,57
1996-06-01,57
1996-06-02,66
1996-06-03,61
1996-06-04,53
1996-06-05,67
1996-06-06,71
1996-06-07,57
1996-06-08,58
1996-06-09,55
1996-06-10,68
1996-06-11,52
1996-06-12,45
1996-06-13,67
1996-06-14,63
1996-06-15,74
1996-06-16,70
1996-06-17,62
1996-06-18,59
1996-06-19,67
1996-06-20,55
1996-06-21,65
1996-06-22,62
1996-06-23,53
1996-06-24,48
1996-06-25,59
1996-06-26,67
1996-06-27,64
1996-06-28,72
1996-06-29,70
1996-06-30,45
1996-07-01,63
1996-07-02,67
1996-07-03,78
1996-07-04,62
1996-07-05,69
1996-07-06,75
1996-07-07,63
1996-07-08,62
1996-07-09,63
1996-07-10,76
1996-07-11,75
1996-07-12,62
1996-07-13,61
1996-07-14,68
1996-07-15,55
1996-07-16,62
1996-07-17,55
1996-07-18,62
1996-07-19,70
1996-07-20,54
1996-07-21,55
1996-07-22,72
1996-07-23,66
1996-07-24,65
1996-07-25,66
1996-07-26,57
1996-07-27,62
1996-07-28,58
1996-07-29,62
1996-07-30,65
1996-07-31,68
1996-08-01,61
1996-08-02,61
1996-08-03,69
1996-08-04,52
1996-08-05,48
1996-08-06,72
1996-08-07,74
1996-08-08,46
1996-08-09,76
1996-08-10,56
1996-08-11,67
1996-08-12,58
1996-08-13,62
1996-08-14,61
1996-08-15,56
1996-08-16,60
1996-08-17,66
1996-08-18,62
1996-08-19,66
1996-08-20,53
1996-08-21,65
1996-08-22,62
1996-08-23,66
1996-08-24,52
1996-08-25,66
1996-08-26,55
1996-08-27,75
1996-08-28,58
1996-08-29,63
1996-08-30,61
1996-08-31,71
1996-09-01,58
1996-09-02,54
1996-09-03,69
1996-09-04,79
1996-09-05,72
1996-09-06,72
1996-09-07,63
1996-09-08,61
1996-09-09,55
1996-09-10,72
1996-09-11,79
1996-09-12,39
1996-09-13,66
1996-09-14,67
1996-09-15,57
1996-09-16,53
1996-09-17,60
1996-09-18,62
1996-09-19,58
1996-09-20,50
1996-09-21,63
1996-09-22,58
1996-09-23,78
1996-09-24,48
1996-09-25,55
1996-09-26,47
1996-09-27,63
1996-09-28,59
1996-09-29,55
1996-09-30,69
1996-10-01,78
1996-10-02,58
1996-10-03,61
1996-10-04,63
1996-10-05,53
1996-10-06,58
1996-10-07,49
1996-10-08,46
1996-10-09,68
1996-10-10,67
1996-10-11,66
1996-10-12,56
1996-10-13,61
1996-10-14,64
1996-10-15,61
1996-10-16,74
1996-10-17,68
1996-10-18,63
1996-10-19,55
1996-10-20,42
1996-10-21,60
1996-10-22,68
1996-10-23,72
1996-10-24,70
1996-10-25,55
1996-10-26,73
1996-10-27,64
1996-10-28,51
1996-10-29,60
1996-10-30,58
1996-10-31,64
1996-11-01,59
1996-11-02,72
1996-11-03,62
1996-11-04,64
1996-11-05,65
1996-11-06,60
1996-11-07,71
1996-11-08,66
1996-11-09,58
1996-11-10,57
1996-11-11,67
1996-11-12,55
1996-11-13,33
1996-11-14,67
1996-11-15,67
1996-11-16,51
1996-11-17,77
1996-11-18,50
1996-11-19,68
1996-11-20,52
1996-11-21,60
1996-11-22,61
1996-11-23,78
1996-11-24,57
1996-11-25,53
1996-11-26,50
1996-11-27,59
1996-11-28,45
1996-11-29,73
1996-11-30,72
1996-12-01,68
1996-12-02,64
1996-12-03,60
1996-12-04,57
1996-12-05,49
1996-12-06,65
1996-12-07,70
1996-12-08,51
1996-12-09,64
1996-12-10,67
1996-12-11,60
1996-12-12,60
1996-12-13,55
1996-12-14,54
1996-12-15,64
1996-12-16,56
1996-12-17,60
1996-12-18,56
1996-12-19,73
1996-12-20,68
1996-12-21,69
1996-12-22,40
1996-12-23,67
1996-12-24,68
1996-12-25,55
1996-12-26,54
1996-12-27,72
1996-12-28,62
1996-12-29,54
1996-12-30,66
1996-12-31,68
1997-01-01,68
1997-01-02,53
1997-01-03,63
1997-01-04,68
1997-01-05,58
1997-01-06,64
1997-01-07,56
1997-01-08,61
1997-01-09,57
1997-01-10,63
1997-01-11,60
1997-01-12,71
1997-01-13,66
1997-01-14,52
1997-01-15,66
1997-01-16,57
1997-01-17,71
1997-01-18,63
1997-01-19,63
1997-01-20,66
1997-01-21,48
1997-01-22,66
1997-01-23,64
1997-01-24,63
1997-01-25,61
1997-01-26,52
1997-01-27,56
1997-01-28,60
1997-01-29,58
1997-01-30,68
1997-01-31,67
1997-02-01,69
1997-02-02,52
1997-02-03,46
1997-02-04,56
1997-02-05,72
1997-02-06,56
1997-02-07,68
1997-02-08,57
1997-02-09,59
1997-02-10,63
1997-02-11,68
1997-02-12,79
1997-02-13,65
1997-02-14,71
1997-02-15,66
1997-02-16,54
1997-02-17,63
1997-02-18,57
1997-02-19,60
1997-02-20,55
1997-02-21,54
1997-02-22,61
1997-02-23,62
1997-02-24,65
1997-02-25,52
1997-02-26,72
1997-02-27,80
1997-02-28,61
1997-03-01,66
1997-03-02,59
1997-03-03,63
1997-03-04,68
1997-03-05,53
1997-03-06,64
1997-03-07,59
1997-03-08,60
1997-03-09,57
1997-03-10,55
1997-03-11,57
1997-03-12,59
1997-03-13,64
1997-03-14,76
1997-03-15,67
1997-03-16,50
1997-03-17,55
1997-03-18,69
1997-03-19,72
1997-03-20,59
1997-03-21,70
1997-03-22,61
1997-03-23,63
1997-03-24,48
1997-03-25,63
1997-03-26,55
1997-03-27,62
1997-03-28,61
1997-03-29,60
1997-03-30,58
1997-03-31,77
1997-04-01,57
1997-04-02,72
1997-04-03,73
1997-04-04,67
1997-04-05,63
1997-04-06,56
1997-04-07,62
1997-04-08,59
1997-04-09,49
1997-04-10,66
1997-04-11,63
1997-04-12,69
1997-04-13,55
1997-04-14,59
1997-04-15,74
1997-04-16,60
1997-04-17,55
1997-04-18,52
1997-04-19,57
1997-04-20,64
1997-04-21,63
1997-04-22,58
1997-04-23,48
1997-04-24,71
1997-04-25,62
1997-04-26,74
1997-04-27,71
1997-04-28,49
1997-04-29,67
1997-04-30,63
1997-05-01,66
1997-05-02,65
1997-05-03,62
1997-05-04,59
1997-05-05,45
1997-05-06,65
1997-05-07,73
1997-05-08,63
1997-05-09,80
1997-05-10,66
1997-05-11,65
1997-05-12,65
1997-05-13,51
1997-05-14,56
1997-05-15,67
1997-05-16,59
1997-05-17,58
1997-05-18,65
1997-05-19,71
1997-05-20,57
1997-05-21,50
1997-05-22,62
1997-05-23,53
1997-05-24,71
1997-05-25,55
1997-05-26,65
1997-05-27,62
1997-05-28,64
1997-05-29,73
1997-05-30,69
1997-05-31,59
1997-06-01,65
1997-06-02,45
1997-06-03,64
1997-06-04,56
1997-06-05,58
1997-06-06,74
1997-06-07,62
1997-06-08,64
1997-06-09,59
1997-06-10,74
1997-06-11,63
1997-06-12,68
1997-06-13,60
1997-06-14,56
1997-06-15,56
1997-06-16,70
1997-06-17,67
1997-06-18,69
1997-06-19,59
1997-06-20,72
1997-06-21,61
1997-06-22,76
1997-06-23,72
1997-06-24,66
1997-06-25,57
1997-06-26,57
1997-06-27,65
1997-06-28,57
1997-06-29,58
1997-06-30,67
1997-07-01,48
1997-07-02,60
1997-07-03,57
1997-07-04,71
1997-07-05,74
1997-07-06,67
1997-07-07,49
1997-07-08,66
1997-07-09,46
1997-07-10,60
1997-07-11,66
1997-07-12,68
1997-07-13,62
1997-07-14,62
1997-07-15,63
1997-07-16,61
1997-07-17,61
1997-07-18,63
1997-07-19,60
1997-07-20,62
1997-07-21,66
1997-07-22,61
1997-07-23,54
1997-07-24,69
1997-07-25,62
1997-07-26,56
1997-07-27,52
1997-07-28,59
1997-07-29,58
1997-07-30,62
1997-07-31,65
1997-08-01,61
1997-08-02,60
1997-08-03,59
1997-08-04,67
1997-08-05,60
1997-08-06,51
1997-08-07,76
1997-08-08,66
1997-08-09,61
1997-08-10,60
1997-08-11,67
1997-08-12,60
1997-08-13,76
1997-08-14,68
1997-08-15,75
1997-08-16,76
1997-08-17,54
1997-08-18,56
1997-08-19,48
1997-08-20,65
1997-08-21,60
1997-08-22,56
1997-08-23,60
1997-08-24,69
1997-08-25,49
1997-08-26,59
1997-08-27,66
1997-08-28,60
1997-08-29,61
1997-08-30,67
1997-08-31,53
1997-09-01,59
1997-09-02,64
1997-09-03,69
1997-09-04,74
1997-09-05,54
1997-09-06,67
1997-09-07,81
1997-09-08,67
1997-09-09,52
1997-09-10,52
1997-09-11,60
1997-09-12,67
1997-09-13,60
1997-09-14,57
1997-09-15,61
1997-09-16,60
1997-09-17,63
1997-09-18,65
1997-09-19,66
1997-09-20,59
1997-09-21,57
1997-09-22,50
1997-09-23,67
1997-09-24,61
1997-09-25,67
1997-09-26,65
1997-09-27,58
1997-09-28,71
1997-09-29,69
1997-09-30,61
1997-10-01,57
1997-10-02,59
1997-10-03,70
1997-10-04,69
1997-10-05,51
1997-10-06,68
1997-10-07,55
1997-10-08,69
1997-10-09,58
1997-10-10,70
1997-10-11,74
1997-10-12,70
1997-10-13,48
1997-10-14,56
1997-10-15,63
1997-10-16,49
1997-10-17,75
1997-10-18,65
1997-10-19,66
1997-10-20,57
1997-10-21,64
1997-10-22,60
1997-10-23,60
1997-10-24,53
1997-10-25,70
1997-10-26,57
1997-10-27,66
1997-10-28,52
1997-10-29,62
1997-10-30,64
1997-10-31,74
1997-11-01,55
1997-11-02,63
1997-11-03,58
1997-11-04,57
1997-11-05,69
1997-11-06,63
1997-11-07,63
1997-11-08,53
1997-11-09,66
1997-11-10,60
1997-11-11,67
1997-11-12,66
1997-11-13,66
1997-11-14,58
1997-11-15,68
1997-11-16,67
1997-11-17,59
1997-11-18,62
1997-11-19,61
1997-11-20,65
1997-11-21,75
1997-11-22,72
1997-11-23,62
1997-11-24,74
1997-11-25,63
1997-11-26,77
1997-11-27,59
1997-11-28,73
1997-11-29,61
1997-11-30,55
1997-12-01,72
1997-12-02,67
1997-12-03,74
1997-12-04,72
1997-12-05,53
1997-12-06,65
1997-12-07,65
1997-12-08,53
1997-12-09,69
1997-12-10,65
1997-12-11,54
1997-12-12,72
1997-12-13,62
1997-12-14,64
1997-12-15,57
1997-12-16,60
1997-12-17,59
1997-12-18,57
1997-12-19,70
1997-12-20,69
1997-12-21,77
1997-12-22,63
1997-12-23,75
1997-12-24,62
1997-12-25,66
1997-12-26,54
1997-12-27,57
1997-12-28,48
1997-12-29,57
1997-12-30,66
1997-12-31,63
1998-01-01,70
1998-01-02,58
1998-01-03,58
1998-01-04,64
1998-01-05,60
1998-01-06,62
1998-01-07,47
1998-01-08,59
1998-01-09,61
1998-01-10,62
1998-01-11,64
1998-01-12,76
1998-01-13,68
1998-01-14,56
1998-01-15,74
1998-01-16,59
1998-01-17,65
1998-01-18,71
1998-01-19,74
1998-01-20,73
1998-01-21,63
1998-01-22,61
1998-01-23,54
1998-01-24,59
1998-01-25,63
1998-01-26,65
1998-01-27,59
1998-01-28,70
1998-01-29,64
1998-01-30,59
1998-01-31,46
1998-02-01,66
1998-02-02,69
1998-02-03,66
1998-02-04,61
1998-02-05,67
1998-02-06,53
1998-02-07,56
1998-02-08,62
1998-02-09,61
1998-02-10,58
1998-02-11,71
1998-02-12,54
1998-02-13,67
1998-02-14,71
1998-02-15,68
1998-02-16,55
1998-02-17,64
1998-02-18,58
1998-02-19,49
1998-02-20,72
1998-02-21,76
1998-02-22,77
1998-02-23,59
1998-02-24,72
1998-02-25,51
1998-02-26,61
1998-02-27,48
1998-02-28,78
1998-03-01,61
1998-03-02,53
1998-03-03,75
1998-03-04,65
1998-03-05,70
1998-03-06,57
1998-03-07,73
1998-03-08,61
1998-03-09,64
1998-03-10,58
1998-03-11,60
1998-03-12,79
1998-03-13,67
1998-03-14,65
1998-03-15,50
1998-03-16,64
1998-03-17,51
1998-03-18,62
1998-03-19,67
1998-03-20,55
1998-03-21,52
1998-03-22,68
1998-03-23,54
1998-03-24,54
1998-03-25,60
1998-03-26,69
1998-03-27,47
1998-03-28,49
1998-03-29,54
1998-03-30,65
1998-03-31,61
1998-04-01,65
1998-04-02,72
1998-04-03,55
1998-04-04,69
1998-04-05,58
1998-04-06,73
1998-04-07,47
1998-04-08,64
1998-04-09,57
1998-04-10,57
1998-04-11,50
1998-04-12,57
1998-04-13,71
1998-04-14,64
1998-04-15,65
1998-04-16,71
1998-04-17,59
1998-04-18,60
1998-04-19,60
1998-04-20,52
1998-04-21,70
1998-04-22,70
1998-04-23,48
1998-04-24,78
1998-04-25,58
1998-04-26,68
1998-04-27,60
1998-04-28,64
1998-04-29,56
1998-04-30,73
1998-05-01,69
1998-05-02,69
1998-05-03,57
1998-05-04,68
1998-05-05,50
1998-05-06,64
1998-05-07,68
1998-05-08,69
1998-05-09,62
1998-05-10,67
1998-05-11,52
1998-05-12,69
1998-05-13,63
1998-05-14,53
1998-05-15,50
1998-05-16,55
1998-05-17,57
1998-05-18,65
1998-05-19,73
1998-05-20,68
1998-05-21,63
1998-05-22,63
1998-05-23,64
1998-05-24,51
1998-05-25,61
1998-05-26,52
1998-05-27,57
1998-05-28,63
1998-05-29,59
1998-05-30,71
1998-05-31,72
1998-06-01,54
1998-06-02,62
1998-06-03,73
1998-06-04,70
1998-06-05,63
1998-06-06,48
1998-06-07,67
1998-06-08,60
1998-06-09,58
1998-06-10,81
1998-06-11,56
1998-06-12,57
1998-06-13,79
1998-06-14,70
1998-06-15,62
1998-06-16,61
1998-06-17,56
1998-06-18,46
1998-06-19,67
1998-06-20,67
1998-06-21,49
1998-06-22,51
1998-06-23,68
1998-06-24,68
1998-06-25,68
1998-06-26,63
1998-06-27,68
1998-06-28,67
1998-06-29,62
1998-06-30,50
1998-07-01,52
1998-07-02,70
1998-07-03,76
1998-07-04,67
1998-07-05,58
1998-07-06,61
1998-07-07,56
1998-07-08,64
1998-07-09,90
1998-07-10,54
1998-07-11,62
1998-07-12,48
1998-07-13,60
1998-07-14,60
1998-07-15,47
1998-07-16,69
1998-07-17,64
1998-07-18,45
1998-07-19,80
1998-07-20,67
1998-07-21,56
1998-07-22,64
1998-07-23,66
1998-07-24,77
1998-07-25,55
1998-07-26,65
1998-07-27,70
1998-07-28,71
1998-07-29,66
1998-07-30,61
1998-07-31,67
1998-08-01,48
1998-08-02,60
1998-08-03,70
1998-08-04,59
1998-08-05,70
1998-08-06,58
1998-08-07,61
1998-08-08,69
1998-08-09,65
1998-08-10,71
1998-08-11,62
1998-08-12,62
1998-08-13,62
1998-08-14,61
1998-08-15,59
1998-08-16,61
1998-08-17,74
1998-08-18,51
1998-08-19,61
1998-08-20,54
1998-08-21,62
1998-08-22,63
1998-08-23,62
1998-08-24,60
1998-08-25,57
1998-08-26,65
1998-08-27,75
1998-08-28,65
1998-08-29,67
1998-08-30,68
1998-08-31,65
1998-09-01,51
1998-09-02,64
1998-09-03,63
1998-09-04,66
1998-09-05,53
1998-09-06,62
1998-09-07,76
1998-09-08,67
1998-09-09,67
1998-09-10,76
1998-09-11,56
1998-09-12,62
1998-09-13,66
1998-09-14,65
1998-09-15,68
1998-09-16,62
1998-09-17,83
1998-09-18,69
1998-09-19,55
1998-09-20,59
1998-09-21,53
1998-09-22,78
1998-09-23,50
1998-09-24,68
1998-09-25,64
1998-09-26,62
1998-09-27,61
1998-09-28,61
1998-09-29,53
1998-09-30,67
1998-10-01,73
1998-10-02,67
1998-10-03,66
1998-10-04,69
1998-10-05,70
1998-10-06,53
1998-10-07,62
1998-10-08,63
1998-10-09,49
1998-10-10,70
1998-10-11,58
1998-10-12,61
1998-10-13,63
1998-10-14,60
1998-10-15,50
1998-10-16,52
1998-10-17,52
1998-10-18,71
1998-10-19,60
1998-10-20,57
1998-10-21,67
1998-10-22,64
1998-10-23,52
1998-10-24,61
1998-10-25,75
1998-10-26,47
1998-10-27,62
1998-10-28,63
1998-10-29,72
1998-10-30,62
1998-10-31,60
1998-11-01,67
1998-11-02,72
1998-11-03,69
1998-11-04,75
1998-11-05,63
1998-11-06,67
1998-11-07,58
1998-11-08,65
1998-11-09,67
1998-11-10,64
1998-11-11,54
1998-11-12,53
1998-11-13,73
1998-11-14,84
1998-11-15,59
1998-11-16,70
1998-11-17,65
1998-11-18,68
1998-11-19,73
1998-11-20,49
1998-11-21,69
1998-11-22,58
1998-11-23,64
1998-11-24,68
1998-11-25,63
1998-11-26,63
1998-11-27,59
1998-11-28,52
1998-11-29,71
1998-11-30,65
1998-12-01,54
1998-12-02,60
1998-12-03,76
1998-12-04,70
1998-12-05,64
1998-12-06,63
1998-12-07,54
1998-12-08,59
1998-12-09,63
1998-12-10,70
1998-12-11,52
1998-12-12,58
1998-12-13,65
1998-12-14,74
1998-12-15,59
1998-12-16,81
1998-12-17,74
1998-12-18,63
1998-12-19,73
1998-12-20,54
1998-12-21,60
1998-12-22,62
1998-12-23,65
1998-12-24,68
1998-12-25,64
1998-12-26,73
1998-12-27,56
1998-12-28,67
1998-12-29,66
1998-12-30,63
1998-12-31,53
1999-01-01,75
1999-01-02,68
1999-01-03,65
1999-01-04,79
1999-01-05,67
1999-01-06,62
1999-01-07,63
1999-01-08,61
1999-01-09,58
1999-01-10,54
1999-01-11,51
1999-01-12,67
1999-01-13,86
1999-01-14,59
1999-01-15,43
1999-01-16,57
1999-01-17,59
1999-01-18,63
1999-01-19,66
1999-01-20,62
1999-01-21,63
1999-01-22,55
1999-01-23,60
1999-01-24,72
1999-01-25,55
1999-01-26,66
1999-01-27,50
1999-01-28,77
1999-01-29,63
1999-01-30,60
1999-01-31,59
1999-02-01,63
1999-02-02,71
1999-02-03,50
1999-02-04,70
1999-02-05,55
1999-02-06,79
1999-02-07,73
1999-02-08,50
1999-02-09,55
1999-02-10,54
1999-02-11,64
1999-02-12,55
1999-02-13,69
1999-02-14,60
1999-02-15,56
1999-02-16,66
1999-02-17,62
1999-02-18,54
1999-02-19,51
1999-02-20,61
1999-02-21,55
1999-02-22,71
1999-02-23,67
1999-02-24,50
1999-02-25,82
1999-02-26,83
1999-02-27,72
1999-02-28,75
1999-03-01,72
1999-03-02,63
1999-03-03,44
1999-03-04,53
1999-03-05,62
1999-03-06,65
1999-03-07,70
1999-03-08,67
1999-03-09,60
1999-03-10,66
1999-03-11,60
1999-03-12,58
1999-03-13,59
1999-03-14,76
1999-03-15,54
1999-03-16,64
1999-03-17,53
1999-03-18,67
1999-03-19,64
1999-03-20,58
1999-03-21,58
1999-03-22,52
1999-03-23,51
1999-03-24,56
1999-03-25,61
1999-03-26,60
1999-03-27,61
1999-03-28,62
1999-03-29,55
1999-03-30,69
1999-03-31,67
1999-04-01,66
1999-04-02,55
1999-04-03,57
1999-04-04,60
1999-04-05,55
1999-04-06,71
1999-04-07,60
1999-04-08,61
1999-04-09,59
1999-04-10,55
1999-04-11,64
1999-04-12,56
1999-04-13,56
1999-04-14,63
1999-04-15,57
1999-04-16,62
1999-04-17,57
1999-04-18,65
1999-04-19,71
1999-04-20,56
1999-04-21,61
1999-04-22,73
1999-04-23,70
1999-04-24,79
1999-04-25,64
1999-04-26,63
1999-04-27,65
1999-04-28,58
1999-04-29,67
1999-04-30,66
1999-05-01,75
1999-05-02,68
1999-05-03,66
1999-05-04,53
1999-05-05,63
1999-05-06,61
1999-05-07,53
1999-05-08,66
1999-05-09,71
1999-05-10,62
1999-05-11,58
1999-05-12,46
1999-05-13,60
1999-05-14,52
1999-05-15,55
1999-05-16,65
1999-05-17,53
1999-05-18,72
1999-05-19,75
1999-05-20,57
1999-05-21,70
1999-05-22,67
1999-05-23,52
1999-05-24,67
1999-05-25,64
1999-05-26,73
1999-05-27,62
1999-05-28,71
1999-05-29,64
1999-05-30,59
1999-05-31,64
1999-06-01,59
1999-06-02,59
1999-06-03,67
1999-06-04,63
1999-06-05,76
1999-06-06,64
1999-06-07,65
1999-06-08,50
1999-06-09,54
1999-06-10,68
1999-06-11,57
1999-06-12,59
1999-06-13,65
1999-06-14,69
1999-06-15,67
1999-06-16,56
1999-06-17,59
1999-06-18,60
1999-06-19,57
1999-06-20,70
1999-06-21,81
1999-06-22,54
1999-06-23,79
1999-06-24,62
1999-06-25,66
1999-06-26,74
1999-06-27,72
1999-06-28,54
1999-06-29,59
1999-06-30,70
1999-07-01,72
1999-07-02,73
1999-07-03,53
1999-07-04,80
1999-07-05,54
1999-07-06,59
1999-07-07,76
1999-07-08,60
1999-07-09,71
1999-07-10,59
1999-07-11,68
1999-07-12,72
1999-07-13,67
1999-07-14,52
1999-07-15,75
1999-07-16,81
1999-07-17,58
1999-07-18,56
1999-07-19,61
1999-07-20,71
1999-07-21,66
1999-07-22,64
1999-07-23,62
1999-07-24,65
1999-07-25,66
1999-07-26,68
1999-07-27,71
1999-07-28,61
1999-07-29,60
1999-07-30,69
1999-07-31,59
1999-08-01,58
1999-08-02,72
1999-08-03,72
1999-08-04,71
1999-08-05,71
1999-08-06,73
1999-08-07,65
1999-08-08,75
1999-08-09,60
1999-08-10,71
1999-08-11,64
1999-08-12,62
1999-08-13,65
1999-08-14,52
1999-08-15,73
1999-08-16,68
1999-08-17,80
1999-08-18,68
1999-08-19,56
1999-08-20,73
1999-08-21,68
1999-08-22,54
1999-08-23,60
1999-08-24,56
1999-08-25,74
1999-08-26,56
1999-08-27,78
1999-08-28,73
1999-08-29,62
1999-08-30,66
1999-08-31,59
1999-09-01,80
1999-09-02,73
1999-09-03,67
1999-09-04,53
1999-09-05,62
1999-09-06,62
1999-09-07,74
1999-09-08,53
1999-09-09,67
1999-09-10,74
1999-09-11,74
1999-09-12,58
1999-09-13,59
1999-09-14,67
1999-09-15,55
1999-09-16,78
1999-09-17,64
1999-09-18,58
1999-09-19,59
1999-09-20,69
1999-09-21,66
1999-09-22,79
1999-09-23,62
1999-09-24,57
1999-09-25,81
1999-09-26,65
1999-09-27,59
1999-09-28,63
1999-09-29,65
1999-09-30,57
1999-10-01,76
1999-10-02,84
1999-10-03,51
1999-10-04,75
1999-10-05,57
1999-10-06,64
1999-10-07,75
1999-10-08,56
1999-10-09,61
1999-10-10,74
1999-10-11,52
1999-10-12,60
1999-10-13,64
1999-10-14,65
1999-10-15,61
1999-10-16,74
1999-10-17,53
1999-10-18,75
1999-10-19,73
1999-10-20,61
1999-10-21,57
1999-10-22,59
1999-10-23,75
1999-10-24,54
1999-10-25,59
1999-10-26,71
1999-10-27,62
1999-10-28,77
1999-10-29,61
1999-10-30,59
1999-10-31,65
1999-11-01,62
1999-11-02,57
1999-11-03,67
1999-11-04,72
1999-11-05,68
1999-11-06,76
1999-11-07,60
1999-11-08,63
1999-11-09,55
1999-11-10,70
1999-11-11,65
1999-11-12,65
1999-11-13,52
1999-11-14,58
1999-11-15,60
1999-11-16,59
1999-11-17,61
1999-11-18,82
1999-11-19,59
1999-11-20,58
1999-11-21,77
1999-11-22,64
1999-11-23,74
1999-11-24,80
1999-11-25,75
1999-11-26,54
1999-11-27,69
1999-11-28,62
1999-11-29,75
1999-11-30,60
1999-12-01,59
1999-12-02,78
1999-12-03,68
1999-12-04,78
1999-12-05,62
1999-12-06,62
1999-12-07,72
1999-12-08,68
1999-12-09,74
1999-12-10,61
1999-12-11,69
1999-12-12,72
1999-12-13,64
1999-12-14,72
1999-12-15,57
1999-12-16,58
1999-12-17,63
1999-12-18,55
1999-12-19,66
1999-12-20,72
1999-12-21,65
1999-12-22,66
1999-12-23,61
1999-12-24,64
1999-12-25,63
1999-12-26,49
1999-12-27,59
1999-12-28,61
1999-12-29,71
1999-12-30,59
1999-12-31,55
2000-01-01,71
2000-01-02,74
2000-01-03,70
2000-01-04,74
2000-01-05,68
2000-01-06,69
2000-01-07,62
2000-01-08,74
2000-01-09,73
2000-01-10,53
2000-01-11,64
2000-01-12,57
2000-01-13,74
2000-01-14,44
2000-01-15,66
2000-01-16,68
2000-01-17,71
2000-01-18,76
2000-01-19,52
2000-01-20,60
2000-01-21,75
2000-01-22,52
2000-01-23,59
2000-01-24,60
2000-01-25,53
2000-01-26,69
2000-01-27,58
2000-01-28,65
2000-01-29,65
2000-01-30,53
2000-01-31,53
2000-02-01,62
2000-02-02,14
2000-02-03,7
2000-02-04,17
2000-02-05,16
2000-02-06,9
2000-02-07,7
2000-02-08,13
2000-02-09,9
2000-02-10,9
2000-02-11,10
2000-02-12,13
2000-02-13,12
2000-02-14,13
2000-02-15,12
2000-02-16,11
2000-02-17,13
2000-02-18,15
2000-02-19,12
2000-02-20,17
2000-02-21,8
2000-02-22,10
2000-02-23,7
2000-02-24,10
2000-02-25,10
2000-02-26,12
2000-02-27,10
2000-02-28,5
2000-02-29,14
2000-03-01,6
2000-03-02,15
2000-03-03,8
2000-03-04,9
2000-03-05,8
2000-03-06,11
2000-03-07,6
2000-03-08,10
2000-03-09,8
2000-03-10,6
2000-03-11,7
2000-03-12,10
2000-03-13,5
2000-03-14,7
2000-03-15,3
2000-03-16,14
2000-03-17,16
2000-03-18,10
2000-03-19,9
2000-03-20,16
2000-03-21,6
2000-03-22,3
2000-03-23,7
2000-03-24,11
2000-03-25,9
2000-03-26,11
2000-03-27,7
2000-03-28,13
2000-03-29,21
2000-03-30,6
2000-03-31,11
2000-04-01,7
2000-04-02,8
2000-04-03,12
2000-04-04,9
2000-04-05,11
2000-04-06,9
2000-04-07,8
2000-04-08,11
2000-04-09,9
2000-04-10,8
2000-04-11,8
2000-04-12,10
2000-04-13,8
2000-04-14,16
2000-04-15,9
2000-04-16,10
2000-04-17,7
2000-04-18,10
2000-04-19,10
2000-04-20,8
2000-04-21,6
2000-04-22,6
2000-04-23,14
2000-04-24,9
2000-04-25,9
2000-04-26,16
2000-04-27,8
2000-04-28,8
2000-04-29,4
2000-04-30,11
2000-05-01,8
2000-05-02,9
2000-05-03,16
2000-05-04,7
2000-05-05,6
2000-05-06,13
2000-05-07,11
2000-05-08,11
2000-05-09,12
2000-05-10,6
2000-05-11,11
2000-05-12,13
2000-05-13,15
2000-05-14,10
2000-05-15,7
2000-05-16,11
2000-05-17,6
2000-05-18,9
2000-05-19,8
2000-05-20,4
2000-05-21,4
2000-05-22,9
2000-05-23,12
2000-05-24,14
2000-05-25,13
2000-05-26,6
2000-05-27,11
2000-05-28,12
2000-05-29,14
2000-05-30,10
2000-05-31,9
2000-06-01,6
2000-06-02,8
2000-06-03,11
2000-06-04,6
2000-06-05,15
2000-06-06,5
2000-06-07,13
2000-06-08,7
2000-06-09,12
2000-06-10,8
2000-06-11,6
2000-06-12,8
2000-06-13,9
2000-06-14,11
2000-06-15,10
2000-06-16,13
2000-06-17,11
2000-06-18,6
2000-06-19,11
2000-06-20,10
2000-06-21,13
2000-06-22,10
2000-06-23,7
2000-06-24,10
2000-06-25,6
2000-06-26,14
2000-06-27,13
2000-06-28,7
2000-06-29,8
2000-06-30,10
2000-07-01,9
2000-07-02,5
2000-07-03,11
2000-07-04,11
2000-07-05,11
2000-07-06,17
2000-07-07,11
2000-07-08,9
2000-07-09,10
2000-07-10,6
2000-07-11,12
2000-07-12,14
2000-07-13,13
2000-07-14,8
2000-07-15,10
2000-07-16,15
2000-07-17,7
2000-07-18,10
2000-07-19,9
2000-07-20,9
2000-07-21,6
2000-07-22,10
2000-07-23,11
2000-07-24,12
2000-07-25,7
2000-07-26,8
2000-07-27,13
2000-07-28,10
2000-07-29,12
2000-07-30,9
2000-07-31,12
2000-08-01,9
2000-08-02,7
2000-08-03,12
2000-08-04,8
2000-08-05,7
2000-08-06,12
2000-08-07,7
2000-08-08,10
2000-08-09,11
2000-08-10,6
2000-08-11,8
2000-08-12,11
2000-08-13,8
2000-08-14,11
2000-08-15,9
2000-08-16,15
2000-08-17,14
2000-08-18,11
2000-08-19,11
2000-08-20,6
2000-08-21,12
2000-08-22,9
2000-08-23,11
2000-08-24,10
2000-08-25,19
2000-08-26,11
2000-08-27,8
2000-08-28,14
2000-08-29,10
2000-08-30,11
2000-08-31,5
2000-09-01,16
2000-09-02,15
2000-09-03,16
2000-09-04,8
2000-09-05,4
2000-09-06,9
2000-09-07,7
2000-09-08,3
2000-09-09,10
2000-09-10,12
2000-09-11,9
2000-09-12,11
2000-09-13,10
2000-09-14,12
2000-09-15,6
2000-09-16,10
2000-09-17,9
2000-09-18,8
2000-09-19,10
2000-09-20,15
2000-09-21,12
2000-09-22,9
2000-09-23,12
2000-09-24,9
2000-09-25,8
2000-09-26,8
2000-09-27,7
2000-09-28,10
2000-09-29,1
2000-09-30,7
2000-10-01,11
2000-10-02,16
2000-10-03,12
2000-10-04,7
2000-10-05,13
2000-10-06,13
2000-10-07,11
2000-10-08,11
2000-10-09,13
2000-10-10,11
2000-10-11,8
2000-10-12,10
2000-10-13,13
2000-10-14,16
2000-10-15,13
2000-10-16,10
2000-10-17,14
2000-10-18,13
2000-10-19,7
2000-10-20,6
2000-10-21,11
2000-10-22,12
2000-10-23,13
2000-10-24,10
2000-10-25,11
2000-10-26,15
2000-10-27,8
2000-10-28,7
2000-10-29,7
2000-10-30,11
2000-10-31,8
2000-11-01,13
2000-11-02,1
2000-11-03,13
2000-11-04,13
2000-11-05,10
2000-11-06,15
2000-11-07,10
2000-11-08,4
2000-11-09,5
2000-11-10,9
2000-11-11,13
2000-11-12,4
2000-11-13,7
2000-11-14,9
2000-11-15,12
2000-11-16,7
2000-11-17,15
2000-11-18,11
2000-11-19,11
2000-11-20,14
2000-11-21,10
2000-11-22,14
2000-11-23,9
2000-11-24,12
2000-11-25,14
2000-11-26,8
2000-11-27,7
2000-11-28,6
2000-11-29,6
2000-11-30,10
2000-12-01,6
2000-12-02,8
2000-12-03,9
2000-12-04,11
2000-12-05,8
2000-12-06,7
2000-12-07,8
2000-12-08,14
2000-12-09,10
2000-12-10,11
2000-12-11,11
2000-12-12,9
2000-12-13,9
2000-12-14,8
2000-12-15,8
2000-12-16,7
2000-12-17,16
2000-12-18,12
2000-12-19,6
2000-12-20,9
2000-12-21,6
2000-12-22,8
2000-12-23,11
2000-12-24,7
2000-12-25,13
2000-12-26,6
2000-12-27,11
2000-12-28,12
2000-12-29,12
2000-12-30,7
2000-12-31,6
2001-01-01,12
2001-01-02,10
2001-01-03,4
2001-01-04,9
2001-01-05,16
2001-01-06,10
2001-01-07,12
2001-01-08,11
2001-01-09,10
2001-01-10,10
2001-01-11,6
2001-01-12,9
2001-01-13,9
2001-01-14,9
2001-01-15,13
2001-01-16,7
2001-01-17,6
2001-01-18,11
2001-01-19,19
2001-01-20,8
2001-01-21,12
2001-01-22,8
2001-01-23,12
2001-01-24,10
2001-01-25,7
2001-01-26,12
2001-01-27,6
2001-01-28,9
2001-01-29,13
2001-01-30,6
2001-01-31,11
2001-02-01,12
2001-02-02,3
2001-02-03,8
2001-02-04,8
2001-02-05,9
2001-02-06,11
2001-02-07,5
2001-02-08,15
2001-02-09,10
2001-02-10,17
2001-02-11,5
2001-02-12,9
2001-02-13,9
2001-02-14,9
2001-02-15,13
2001-02-16,12
2001-02-17,9
2001-02-18,9
2001-02-19,11
2001-02-20,6
2001-02-21,9
2001-02-22,12
2001-02-23,10
2001-02-24,11
2001-02-25,11
2001-02-26,8
2001-02-27,10
2001-02-28,10
2001-03-01,7
2001-03-02,12
2001-03-03,6
2001-03-04,14
2001-03-05,5
2001-03-06,8
2001-03-07,9
2001-03-08,7
2001-03-09,7
2001-03-10,9
2001-03-11,6
2001-03-12,11
2001-03-13,7
2001-03-14,9
2001-03-15,8
2001-03-16,7
2001-03-17,14
2001-03-18,6
2001-03-19,4
2001-03-20,7
2001-03-21,7
2001-03-22,7
2001-03-23,6
2001-03-24,6
2001-03-25,8
2001-03-26,12
2001-03-27,14
2001-03-28,10
2001-03-29,14
2001-03-30,4
2001-03-31,11
2001-04-01,9
2001-04-02,6
2001-04-03,11
2001-04-04,8
2001-04-05,9
2001-04-06,6
2001-04-07,10
2001-04-08,9
2001-04-09,9
2001-04-10,11
2001-04-11,9
2001-04-12,9
2001-04-13,11
2001-04-14,11
2001-04-15,4
2001-04-16,14
2001-04-17,9
2001-04-18,8
2001-04-19,11
2001-04-20,10
2001-04-21,17
2001-04-22,8
2001-04-23,11
2001-04-24,9
2001-04-25,9
2001-04-26,3
2001-04-27,16
2001-04-28,12
2001-04-29,8
2001-04-30,5
2001-05-01,10
2001-05-02,7
2001-05-03,18
2001-05-04,9
2001-05-05,9
2001-05-06,14
2001-05-07,7
2001-05-08,5
2001-05-09,9
2001-05-10,17
2001-05-11,13
2001-05-12,6
2001-05-13,9
2001-05-14,11
2001-05-15,9
2001-05-16,10
2001-05-17,13
2001-05-18,13
2001-05-19,2
2001-05-20,12
2001-05-21,9
2001-05-22,8
2001-05-23,11
2001-05-24,7
2001-05-25,5
2001-05-26,10
2001-05-27,9
2001-05-28,7
2001-05-29,8
2001-05-30,11
2001-05-31,8
2001-06-01,16
2001-06-02,10
2001-06-03,8
2001-06-04,11
2001-06-05,10
2001-06-06,5
2001-06-07,6
2001-06-08,12
2001-06-09,12
2001-06-10,8
2001-06-11,10
2001-06-12,14
2001-06-13,9
2001-06-14,13
2001-06-15,12
2001-06-16,10
2001-06-17,11
2001-06-18,9
2001-06-19,10
2001-06-20,8
2001-06-21,5
2001-06-22,11
2001-06-23,11
2001-06-24,6
2001-06-25,4
2001-06-26,11
2001-06-27,15
2001-06-28,9
2001-06-29,8
2001-06-30,7
2001-07-01,7
2001-07-02,14
2001-07-03,12
2001-07-04,10
2001-07-05,11
2001-07-06,11
2001-07-07,7
2001-07-08,9
2001-07-09,9
2001-07-10,15
2001-07-11,9
2001-07-12,10
2001-07-13,7
2001-07-14,6
2001-07-15,14
2001-07-16,13
2001-07-17,9
2001-07-18,11
2001-07-19,12
2001-07-20,9
2001-07-21,11
2001-07-22,11
2001-07-23,15
2001-07-24,8
2001-07-25,7
2001-07-26,12
2001-07-27,7
2001-07-28,13
2001-07-29,8
2001-07-30,13
2001-07-31,8
2001-08-01,11
2001-08-02,7
2001-08-03,8
2001-08-04,8
2001-08-05,16
2001-08-06,13
2001-08-07,11
2001-08-08,7
2001-08-09,12
2001-08-10,8
2001-08-11,9
2001-08-12,6
2001-08-13,13
2001-08-14,13
2001-08-15,8
2001-08-16,10
2001-08-17,4
2001-08-18,4
2001-08-19,13
2001-08-20,11
2001-08-21,10
2001-08-22,6
2001-08-23,9
2001-08-24,10
2001-08-25,8
2001-08-26,8
2001-08-27,15
2001-08-28,6
2001-08-29,14
2001-08-30,15
2001-08-31,4
2001-09-01,9
2001-09-02,5
2001-09-03,4
2001-09-04,6
2001-09-05,6
2001-09-06,9
2001-09-07,10
2001-09-08,2
2001-09-09,10
2001-09-10,4
2001-09-11,7
2001-09-12,10
2001-09-13,2
2001-09-14,9
2001-09-15,10
2001-09-16,16
2001-09-17,10
2001-09-18,12
2001-09-19,14
2001-09-20,10
2001-09-21,6
2001-09-22,7
2001-09-23,3
2001-09-24,9
2001-09-25,11
2001-09-26,10
2001-09-27,9
2001-09-28,9
2001-09-29,8
2001-09-30,6
2001-10-01,7
2001-10-02,11
2001-10-03,12
2001-10-04,1
2001-10-05,7
2001-10-06,10
2001-10-07,12
2001-10-08,16
2001-10-09,8
2001-10-10,9
2001-10-11,5
2001-10-12,15
2001-10-13,6
2001-10-14,11
2001-10-15,8
2001-10-16,6
2001-10-17,17
2001-10-18,13
2001-10-19,10
2001-10-20,14
2001-10-21,10
2001-10-22,6
2001-10-23,7
2001-10-24,9
2001-10-25,3
2001-10-26,12
2001-10-27,10
2001-10-28,12
2001-10-29,11
2001-10-30,11
2001-10-31,12
2001-11-01,11
2001-11-02,3
2001-11-03,15
2001-11-04,6
2001-11-05,8
2001-11-06,19
2001-11-07,12
2001-11-08,8
2001-11-09,15
2001-11-10,7
2001-11-11,10
2001-11-12,11
2001-11-13,12
2001-11-14,10
2001-11-15,11
2001-11-16,8
2001-11-17,10
2001-11-18,14
2001-11-19,11
2001-11-20,9
2001-11-21,15
2001-11-22,13
2001-11-23,9
2001-11-24,8
2001-11-25,18
2001-11-26,11
2001-11-27,8
2001-11-28,11
2001-11-29,7
2001-11-30,10
2001-12-01,6
2001-12-02,10
2001-12-03,13
2001-12-04,10
2001-12-05,11
2001-12-06,4
2001-12-07,11
2001-12-08,6
2001-12-09,7
2001-12-10,13
2001-12-11,7
2001-12-12,9
2001-12-13,15
2001-12-14,6
2001-12-15,14
2001-12-16,11
2001-12-17,5
2001-12-18,10
2001-12-19,12
2001-12-20,7
2001-12-21,11
2001-12-22,10
2001-12-23,10
2001-12-24,8
2001-12-25,7
2001-12-26,10
2001-12-27,12
2001-12-28,5
2001-12-29,5
2001-12-30,10
2001-12-31,8
2002-01-01,6
2002-01-02,4
2002-01-03,10
2002-01-04,9
2002-01-05,12
2002-01-06,11
2002-01-07,10
2002-01-08,9
2002-01-09,11
2002-01-10,10
2002-01-11,6
2002-01-12,8
2002-01-13,8
2002-01-14,9
2002-01-15,8
2002-01-16,10
2002-01-17,14
2002-01-18,4
2002-01-19,8
2002-01-20,8
2002-01-21,5
2002-01-22,12
2002-01-23,7
2002-01-24,11
2002-01-25,9
2002-01-26,12
2002-01-27,7
2002-01-28,12
2002-01-29,10
2002-01-30,8
2002-01-31,11
2002-02-01,8
2002-02-02,15
2002-02-03,10
2002-02-04,10
2002-02-05,12
2002-02-06,7
2002-02-07,9
2002-02-08,7
2002-02-09,7
2002-02-10,10
2002-02-11,7
2002-02-12,6
2002-02-13,12
2002-02-14,7
2002-02-15,10
2002-02-16,8
2002-02-17,4
2002-02-18,9
2002-02-19,8
2002-02-20,16
2002-02-21,7
2002-02-22,6
2002-02-23,9
2002-02-24,3
2002-02-25,5
2002-02-26,14
2002-02-27,10
2002-02-28,10
2002-03-01,6
2002-03-02,10
2002-03-03,11
2002-03-04,4
2002-03-05,10
2002-03-06,10
2002-03-07,11
2002-03-08,9
2002-03-09,11
2002-03-10,7
2002-03-11,8
2002-03-12,8
2002-03-13,9
2002-03-14,9
2002-03-15,7
2002-03-16,6
2002-03-17,15
2002-03-18,8
2002-03-19,16
2002-03-20,8
2002-03-21,11
2002-03-22,9
2002-03-23,9
2002-03-24,3
2002-03-25,12
2002-03-26,9
2002-03-27,10
2002-03-28,9
2002-03-29,16
2002-03-30,9
2002-03-31,13
2002-04-01,6
2002-04-02,9
2002-04-03,4
2002-04-04,9
2002-04-05,12
2002-04-06,4
2002-04-07,6
2002-04-08,8
2002-04-09,5
2002-04-10,6
2002-04-11,10
2002-04-12,5
2002-04-13,6
2002-04-14,6
2002-04-15,11
2002-04-16,10
2002-04-17,5
2002-04-18,8
2002-04-19,12
2002-04-20,12
2002-04-21,5
2002-04-22,13
2002-04-23,6
2002-04-24,8
2002-04-25,9
2002-04-26,6
2002-04-27,16
2002-04-28,11
2002-04-29,6
2002-04-30,7
2002-05-01,3
2002-05-02,18
2002-05-03,8
2002-05-04,11
2002-05-05,11
2002-05-06,9
2002-05-07,8
2002-05-08,6
2002-05-09,9
2002-05-10,8
2002-05-11,6
2002-05-12,4
2002-05-13,12
2002-05-14,5
2002-05-15,8
2002-05-16,10
2002-05-17,4
2002-05-18,8
2002-05-19,6
2002-05-20,8
2002-05-21,7
2002-05-22,10
2002-05-23,8
2002-05-24,4
2002-05-25,9
2002-05-26,13
2002-05-27,6
2002-05-28,8
2002-05-29,4
2002-05-30,10
2002-05-31,5
2002-06-01,8
2002-06-02,7
2002-06-03,9
2002-06-04,12
2002-06-05,4
2002-06-06,7
2002-06-07,11
2002-06-08,12
2002-06-09,7
2002-06-10,9
2002-06-11,9
2002-06-12,9
2002-06-13,6
2002-06-14,4
2002-06-15,13
2002-06-16,9
2002-06-17,12
2002-06-18,11
2002-06-19,8
2002-06-20,12
2002-06-21,11
2002-06-22,5
2002-06-23,9
2002-06-24,9
2002-06-25,9
2002-06-26,7
2002-06-27,9
2002-06-28,7
2002-06-29,13
2002-06-30,11
2002-07-01,9
2002-07-02,11
2002-07-03,14
2002-07-04,11
2002-07-05,8
2002-07-06,4
2002-07-07,9
2002-07-08,11
2002-07-09,6
2002-07-10,10
2002-07-11,7
2002-07-12,14
2002-07-13,7
2002-07-14,12
2002-07-15,11
2002-07-16,7
2002-07-17,8
2002-07-18,12
2002-07-19,8
2002-07-20,9
2002-07-21,7
2002-07-22,11
2002-07-23,13
2002-07-24,10
2002-07-25,10
2002-07-26,10
2002-07-27,5
2002-07-28,5
2002-07-29,6
2002-07-30,11
2002-07-31,9
2002-08-01,7
